2026-08-11 21:50:03.172 [http-nio-auto-1-exec-2] INFO  com.moises.messaging.evidence - PUBLISHED topic=orders-topic idempotencyKey=happy-path-estoque-c9f92ff7-4cfc-4ab3-8bd3-2e629896a6d6 payload=com.moises.messaging.dto.OrderRequest@69c07b4d
2026-08-11 21:50:03.324 [main] INFO  com.moises.messaging.evidence - TEST_PUBLISHED idempotencyKey=happy-path-estoque-c9f92ff7-4cfc-4ab3-8bd3-2e629896a6d6 payload=com.moises.messaging.dto.OrderRequest@3bfca770
2026-08-11 21:50:09.175 [org.springframework.kafka.KafkaListenerEndpointContainer#0-0-C-1] INFO  com.moises.messaging.evidence - PERSISTED idempotencyKey=happy-path-estoque-c9f92ff7-4cfc-4ab3-8bd3-2e629896a6d6 orderId=7211148d-3763-4e5b-8f67-fa303e6c938b status=RECEIVED
2026-08-11 21:50:10.370 [http-nio-auto-1-exec-1] INFO  com.moises.messaging.evidence - PUBLISHED topic=orders-topic idempotencyKey=happy-path-pedido-8ff24287-f9e8-41a8-9dd6-c865d869322b payload=com.moises.messaging.dto.OrderRequest@3651c8f1
2026-08-11 21:50:10.372 [main] INFO  com.moises.messaging.evidence - TEST_PUBLISHED idempotencyKey=happy-path-pedido-8ff24287-f9e8-41a8-9dd6-c865d869322b payload=com.moises.messaging.dto.OrderRequest@56db967a
2026-08-11 21:50:10.385 [org.springframework.kafka.KafkaListenerEndpointContainer#0-0-C-1] INFO  com.moises.messaging.evidence - PERSISTED idempotencyKey=happy-path-pedido-8ff24287-f9e8-41a8-9dd6-c865d869322b orderId=a51b5690-33e9-4d29-b416-6823862aaf30 status=RECEIVED
2026-08-11 21:58:43.426 [http-nio-auto-1-exec-1] INFO  com.moises.messaging.evidence - PUBLISHED topic=orders-topic idempotencyKey=happy-path-estoque-8eada214-958b-4983-b4c5-690ff383a43c payload=com.moises.messaging.dto.OrderRequest@347aeab6
2026-08-11 21:58:43.543 [main] INFO  com.moises.messaging.evidence - TEST_PUBLISHED idempotencyKey=happy-path-estoque-8eada214-958b-4983-b4c5-690ff383a43c payload=com.moises.messaging.dto.OrderRequest@1c6ba49e
2026-08-11 21:58:47.929 [org.springframework.kafka.KafkaListenerEndpointContainer#0-0-C-1] INFO  com.moises.messaging.evidence - PERSISTED idempotencyKey=happy-path-estoque-8eada214-958b-4983-b4c5-690ff383a43c orderId=51a799cb-31b9-4f71-98f3-4db0d4876d18 status=RECEIVED
2026-08-11 21:58:49.025 [http-nio-auto-1-exec-2] INFO  com.moises.messaging.evidence - PUBLISHED topic=orders-topic idempotencyKey=happy-path-pedido-1dfd4861-7842-48af-8a6e-7873a2ef45f2 payload=com.moises.messaging.dto.OrderRequest@91b6b6c
2026-08-11 21:58:49.026 [main] INFO  com.moises.messaging.evidence - TEST_PUBLISHED idempotencyKey=happy-path-pedido-1dfd4861-7842-48af-8a6e-7873a2ef45f2 payload=com.moises.messaging.dto.OrderRequest@36b0ef9c
2026-08-11 21:58:49.038 [org.springframework.kafka.KafkaListenerEndpointContainer#0-0-C-1] INFO  com.moises.messaging.evidence - PERSISTED idempotencyKey=happy-path-pedido-1dfd4861-7842-48af-8a6e-7873a2ef45f2 orderId=ce43b2ce-0614-4324-a811-4a6f7e3603aa status=RECEIVED
2026-08-11 22:06:59.564 [http-nio-auto-1-exec-2] INFO  com.moises.messaging.evidence - PUBLISHED topic=orders-topic idempotencyKey=happy-path-estoque-fea6f83e-3343-4111-b70e-bc99fdfde722 payload=com.moises.messaging.dto.OrderRequest@6ad2cef0
2026-08-11 22:06:59.605 [main] INFO  com.moises.messaging.evidence - TEST_PUBLISHED idempotencyKey=happy-path-estoque-fea6f83e-3343-4111-b70e-bc99fdfde722 payload=com.moises.messaging.dto.OrderRequest@2e2662d8
2026-08-11 22:07:02.531 [org.springframework.kafka.KafkaListenerEndpointContainer#0-0-C-1] INFO  com.moises.messaging.evidence - PERSISTED idempotencyKey=happy-path-estoque-fea6f83e-3343-4111-b70e-bc99fdfde722 orderId=16617777-82c2-4e2e-ab74-04ecd80475e9 status=RECEIVED
2026-08-11 22:07:02.846 [http-nio-auto-1-exec-3] INFO  com.moises.messaging.evidence - PUBLISHED topic=orders-topic idempotencyKey=happy-path-pedido-23c86816-3671-4282-b453-f4d25ccd4250 payload=com.moises.messaging.dto.OrderRequest@2aa94ac3
2026-08-11 22:07:02.848 [main] INFO  com.moises.messaging.evidence - TEST_PUBLISHED idempotencyKey=happy-path-pedido-23c86816-3671-4282-b453-f4d25ccd4250 payload=com.moises.messaging.dto.OrderRequest@27ad94b3
2026-08-11 22:07:02.860 [org.springframework.kafka.KafkaListenerEndpointContainer#0-0-C-1] INFO  com.moises.messaging.evidence - PERSISTED idempotencyKey=happy-path-pedido-23c86816-3671-4282-b453-f4d25ccd4250 orderId=3f57cd1c-7746-4a75-8f36-6fa681735663 status=RECEIVED
2026-08-11 22:16:23.073 [http-nio-auto-1-exec-2] INFO  com.moises.messaging.evidence - PUBLISHED topic=orders-topic idempotencyKey=happy-path-estoque-f91fbe6b-8549-41cc-b749-1ac3ddf8023b payload=com.moises.messaging.dto.OrderRequest@192fc88b
2026-08-11 22:16:23.107 [main] INFO  com.moises.messaging.evidence - TEST_PUBLISHED idempotencyKey=happy-path-estoque-f91fbe6b-8549-41cc-b749-1ac3ddf8023b payload=com.moises.messaging.dto.OrderRequest@5c5432d9
2026-08-11 22:16:26.142 [org.springframework.kafka.KafkaListenerEndpointContainer#0-0-C-1] INFO  com.moises.messaging.evidence - PERSISTED idempotencyKey=happy-path-estoque-f91fbe6b-8549-41cc-b749-1ac3ddf8023b orderId=336ae38f-448e-4ccc-b56b-f325df52c9d1 status=RECEIVED
2026-08-11 22:16:26.543 [http-nio-auto-1-exec-1] INFO  com.moises.messaging.evidence - PUBLISHED topic=orders-topic idempotencyKey=happy-path-pedido-917240ec-c66d-4949-b30c-78bddef921dc payload=com.moises.messaging.dto.OrderRequest@af92f83
2026-08-11 22:16:26.545 [main] INFO  com.moises.messaging.evidence - TEST_PUBLISHED idempotencyKey=happy-path-pedido-917240ec-c66d-4949-b30c-78bddef921dc payload=com.moises.messaging.dto.OrderRequest@241e03cc
2026-08-11 22:16:26.556 [org.springframework.kafka.KafkaListenerEndpointContainer#0-0-C-1] INFO  com.moises.messaging.evidence - PERSISTED idempotencyKey=happy-path-pedido-917240ec-c66d-4949-b30c-78bddef921dc orderId=9605e2c4-fdf4-4518-9340-108dee2a83e9 status=RECEIVED
2026-08-11 22:24:08.109 [http-nio-auto-1-exec-1] INFO  com.moises.messaging.evidence - PUBLISHED topic=orders-topic idempotencyKey=happy-path-estoque-a23e28ad-9a71-4e6e-97ae-a92df9b1117c payload=com.moises.messaging.dto.OrderRequest@3b7ead15
2026-08-11 22:24:08.155 [main] INFO  com.moises.messaging.evidence - TEST_PUBLISHED idempotencyKey=happy-path-estoque-a23e28ad-9a71-4e6e-97ae-a92df9b1117c payload=com.moises.messaging.dto.OrderRequest@2fa46f2f
2026-08-11 22:24:11.039 [org.springframework.kafka.KafkaListenerEndpointContainer#0-0-C-1] INFO  com.moises.messaging.evidence - PERSISTED idempotencyKey=happy-path-estoque-a23e28ad-9a71-4e6e-97ae-a92df9b1117c orderId=b4ff820b-c49e-4563-abc4-70a60ee97c6f status=RECEIVED
2026-08-11 22:24:11.456 [http-nio-auto-1-exec-2] INFO  com.moises.messaging.evidence - PUBLISHED topic=orders-topic idempotencyKey=happy-path-pedido-c63a7f2a-5427-4a97-b0d9-c2d0f6c81e06 payload=com.moises.messaging.dto.OrderRequest@23ad68d4
2026-08-11 22:24:11.458 [main] INFO  com.moises.messaging.evidence - TEST_PUBLISHED idempotencyKey=happy-path-pedido-c63a7f2a-5427-4a97-b0d9-c2d0f6c81e06 payload=com.moises.messaging.dto.OrderRequest@1dfa18a6
2026-08-11 22:24:11.470 [org.springframework.kafka.KafkaListenerEndpointContainer#0-0-C-1] INFO  com.moises.messaging.evidence - PERSISTED idempotencyKey=happy-path-pedido-c63a7f2a-5427-4a97-b0d9-c2d0f6c81e06 orderId=852ed1f0-804c-4d64-85f2-b45aa6dcfc23 status=RECEIVED
2026-08-11 22:25:08.073 [http-nio-auto-1-exec-1] INFO  com.moises.messaging.evidence - PUBLISHED topic=orders-topic idempotencyKey=happy-path-estoque-1a55a0cd-a4f7-4f19-8e2c-3d2a14068752 payload=com.moises.messaging.dto.OrderRequest@67b5a01d
2026-08-11 22:25:08.113 [main] INFO  com.moises.messaging.evidence - TEST_PUBLISHED idempotencyKey=happy-path-estoque-1a55a0cd-a4f7-4f19-8e2c-3d2a14068752 payload=com.moises.messaging.dto.OrderRequest@6cdadc3
2026-08-11 22:25:10.946 [org.springframework.kafka.KafkaListenerEndpointContainer#0-0-C-1] INFO  com.moises.messaging.evidence - PERSISTED idempotencyKey=happy-path-estoque-1a55a0cd-a4f7-4f19-8e2c-3d2a14068752 orderId=583f637d-1d0c-43e2-8fb4-759aab4a6c55 status=RECEIVED
2026-08-11 22:25:11.142 [http-nio-auto-1-exec-2] INFO  com.moises.messaging.evidence - PUBLISHED topic=orders-topic idempotencyKey=happy-path-pedido-ef2ab232-c4ef-4a6f-a5fc-eb07151cd72d payload=com.moises.messaging.dto.OrderRequest@679ec606
2026-08-11 22:25:11.145 [main] INFO  com.moises.messaging.evidence - TEST_PUBLISHED idempotencyKey=happy-path-pedido-ef2ab232-c4ef-4a6f-a5fc-eb07151cd72d payload=com.moises.messaging.dto.OrderRequest@2a4594b1
2026-08-11 22:25:11.155 [org.springframework.kafka.KafkaListenerEndpointContainer#0-0-C-1] INFO  com.moises.messaging.evidence - PERSISTED idempotencyKey=happy-path-pedido-ef2ab232-c4ef-4a6f-a5fc-eb07151cd72d orderId=c6051077-a2a8-45a1-96ac-3eb4aea6e56c status=RECEIVED
2026-08-11 22:28:02.075 [http-nio-auto-1-exec-1] INFO  com.moises.messaging.evidence - PUBLISHED topic=orders-topic idempotencyKey=happy-path-estoque-98f45e6c-6863-4385-a551-e39fa29359be payload=com.moises.messaging.dto.OrderRequest@1af0e37f
2026-08-11 22:28:02.124 [main] INFO  com.moises.messaging.evidence - TEST_PUBLISHED idempotencyKey=happy-path-estoque-98f45e6c-6863-4385-a551-e39fa29359be payload=com.moises.messaging.dto.OrderRequest@48fdd829
2026-08-11 22:28:04.869 [org.springframework.kafka.KafkaListenerEndpointContainer#0-0-C-1] INFO  com.moises.messaging.evidence - PERSISTED idempotencyKey=happy-path-estoque-98f45e6c-6863-4385-a551-e39fa29359be orderId=2821b045-e32d-4265-b944-ed632fe1b110 status=RECEIVED
2026-08-11 22:28:05.158 [http-nio-auto-1-exec-2] INFO  com.moises.messaging.evidence - PUBLISHED topic=orders-topic idempotencyKey=happy-path-pedido-d3834fd8-e19f-4222-9546-f913547b3e06 payload=com.moises.messaging.dto.OrderRequest@5284fde6
2026-08-11 22:28:05.161 [main] INFO  com.moises.messaging.evidence - TEST_PUBLISHED idempotencyKey=happy-path-pedido-d3834fd8-e19f-4222-9546-f913547b3e06 payload=com.moises.messaging.dto.OrderRequest@11088420
2026-08-11 22:28:05.173 [org.springframework.kafka.KafkaListenerEndpointContainer#0-0-C-1] INFO  com.moises.messaging.evidence - PERSISTED idempotencyKey=happy-path-pedido-d3834fd8-e19f-4222-9546-f913547b3e06 orderId=2319c520-cf37-42dd-b264-f6a8fe477f68 status=RECEIVED
2026-08-11 22:33:44.194 [http-nio-auto-1-exec-1] INFO  com.moises.messaging.evidence - PUBLISHED topic=orders-topic idempotencyKey=happy-path-estoque-028101c2-d248-4ed2-ad0b-ee3dbfdabb14 payload=com.moises.messaging.dto.OrderRequest@10016970
2026-08-11 22:33:44.227 [main] INFO  com.moises.messaging.evidence - TEST_PUBLISHED idempotencyKey=happy-path-estoque-028101c2-d248-4ed2-ad0b-ee3dbfdabb14 payload=com.moises.messaging.dto.OrderRequest@46ab3c70
2026-08-11 22:33:47.165 [org.springframework.kafka.KafkaListenerEndpointContainer#0-0-C-1] INFO  com.moises.messaging.evidence - PERSISTED idempotencyKey=happy-path-estoque-028101c2-d248-4ed2-ad0b-ee3dbfdabb14 orderId=53efabf8-95d0-4426-875f-f42d08c9ef1b status=RECEIVED
2026-08-11 22:33:47.464 [http-nio-auto-1-exec-2] INFO  com.moises.messaging.evidence - PUBLISHED topic=orders-topic idempotencyKey=happy-path-pedido-7d38a50b-3b73-4cf4-ac42-c2ed22e9c6bd payload=com.moises.messaging.dto.OrderRequest@60115edc
2026-08-11 22:33:47.466 [main] INFO  com.moises.messaging.evidence - TEST_PUBLISHED idempotencyKey=happy-path-pedido-7d38a50b-3b73-4cf4-ac42-c2ed22e9c6bd payload=com.moises.messaging.dto.OrderRequest@418287ac
2026-08-11 22:33:47.481 [org.springframework.kafka.KafkaListenerEndpointContainer#0-0-C-1] INFO  com.moises.messaging.evidence - PERSISTED idempotencyKey=happy-path-pedido-7d38a50b-3b73-4cf4-ac42-c2ed22e9c6bd orderId=52bf1a7a-1ad9-4fd3-906f-35116f939741 status=RECEIVED
2026-08-11 22:36:57.606 [http-nio-auto-1-exec-1] INFO  com.moises.messaging.evidence - PUBLISHED topic=orders-topic idempotencyKey=happy-path-estoque-e1a47d25-847a-4749-9ccf-2ba238993648 payload=com.moises.messaging.dto.OrderRequest@67b5a01d
2026-08-11 22:36:57.645 [main] INFO  com.moises.messaging.evidence - TEST_PUBLISHED idempotencyKey=happy-path-estoque-e1a47d25-847a-4749-9ccf-2ba238993648 payload=com.moises.messaging.dto.OrderRequest@34fa61ad
2026-08-11 22:37:00.578 [org.springframework.kafka.KafkaListenerEndpointContainer#0-0-C-1] INFO  com.moises.messaging.evidence - PERSISTED idempotencyKey=happy-path-estoque-e1a47d25-847a-4749-9ccf-2ba238993648 orderId=e613de7a-1324-4353-8cd9-b3f202a36fa3 status=RECEIVED
2026-08-11 22:37:00.893 [http-nio-auto-1-exec-3] INFO  com.moises.messaging.evidence - PUBLISHED topic=orders-topic idempotencyKey=happy-path-pedido-7267a1c2-caef-421a-aee4-45294eff857c payload=com.moises.messaging.dto.OrderRequest@1ece808f
2026-08-11 22:37:00.895 [main] INFO  com.moises.messaging.evidence - TEST_PUBLISHED idempotencyKey=happy-path-pedido-7267a1c2-caef-421a-aee4-45294eff857c payload=com.moises.messaging.dto.OrderRequest@54d0724f
2026-08-11 22:37:00.926 [org.springframework.kafka.KafkaListenerEndpointContainer#0-0-C-1] INFO  com.moises.messaging.evidence - PERSISTED idempotencyKey=happy-path-pedido-7267a1c2-caef-421a-aee4-45294eff857c orderId=f5d92477-3224-47b3-a666-3140c0cb9ed9 status=RECEIVED
2026-08-11 22:51:12.660 [http-nio-auto-1-exec-1] INFO  com.moises.messaging.evidence - PUBLISHED topic=orders-topic idempotencyKey=happy-path-estoque-85cd0d95-e40b-4955-93fd-739576c7dfa0 payload=com.moises.messaging.dto.OrderRequest@65675b61
2026-08-11 22:51:12.702 [main] INFO  com.moises.messaging.evidence - TEST_PUBLISHED idempotencyKey=happy-path-estoque-85cd0d95-e40b-4955-93fd-739576c7dfa0 payload=com.moises.messaging.dto.OrderRequest@713f5a17
2026-08-11 22:51:15.793 [org.springframework.kafka.KafkaListenerEndpointContainer#0-0-C-1] INFO  com.moises.messaging.evidence - PERSISTED idempotencyKey=happy-path-estoque-85cd0d95-e40b-4955-93fd-739576c7dfa0 orderId=a362e513-0880-4dc6-83cc-fb3bad31ac82 status=RECEIVED
2026-08-11 22:51:16.070 [http-nio-auto-1-exec-2] INFO  com.moises.messaging.evidence - PUBLISHED topic=orders-topic idempotencyKey=happy-path-pedido-28b2dc23-cac1-44a3-8035-18df049306ed payload=com.moises.messaging.dto.OrderRequest@70cdea3e
2026-08-11 22:51:16.071 [main] INFO  com.moises.messaging.evidence - TEST_PUBLISHED idempotencyKey=happy-path-pedido-28b2dc23-cac1-44a3-8035-18df049306ed payload=com.moises.messaging.dto.OrderRequest@34f14035
2026-08-11 22:51:16.081 [org.springframework.kafka.KafkaListenerEndpointContainer#0-0-C-1] INFO  com.moises.messaging.evidence - PERSISTED idempotencyKey=happy-path-pedido-28b2dc23-cac1-44a3-8035-18df049306ed orderId=16d3a5c5-22e0-4770-a129-f2eafaf07f78 status=RECEIVED
2026-08-11 23:02:02.606 [http-nio-auto-1-exec-1] INFO  com.moises.messaging.evidence - PUBLISHED topic=orders-topic idempotencyKey=idempotency-duplicada-a307a313-48e5-4508-8995-a90033308684 payload=com.moises.messaging.dto.OrderRequest@2a5cea2b
2026-08-11 23:02:02.690 [main] INFO  com.moises.messaging.evidence - TEST_PUBLISHED idempotencyKey=idempotency-duplicada-a307a313-48e5-4508-8995-a90033308684 payload=com.moises.messaging.dto.OrderRequest@7f9c28f1
2026-08-11 23:02:06.871 [org.springframework.kafka.KafkaListenerEndpointContainer#0-0-C-1] INFO  com.moises.messaging.evidence - PERSISTED idempotencyKey=idempotency-duplicada-a307a313-48e5-4508-8995-a90033308684 orderId=4532c860-4eb0-4e42-b6fe-f2f2300d26b9 status=RECEIVED
2026-08-11 23:02:08.081 [http-nio-auto-1-exec-2] INFO  com.moises.messaging.evidence - PUBLISHED topic=orders-topic idempotencyKey=idempotency-duplicada-a307a313-48e5-4508-8995-a90033308684 payload=com.moises.messaging.dto.OrderRequest@767e4cc6
2026-08-11 23:02:08.084 [main] INFO  com.moises.messaging.evidence - TEST_PUBLISHED idempotencyKey=idempotency-duplicada-a307a313-48e5-4508-8995-a90033308684 payload=com.moises.messaging.dto.OrderRequest@7f9c28f1
2026-08-11 23:02:08.093 [org.springframework.kafka.KafkaListenerEndpointContainer#0-0-C-1] INFO  com.moises.messaging.evidence - DUPLICATE_IGNORED idempotencyKey=idempotency-duplicada-a307a313-48e5-4508-8995-a90033308684
2026-08-11 23:12:25.777 [http-nio-auto-1-exec-1] INFO  com.moises.messaging.evidence - PUBLISHED topic=orders-topic idempotencyKey=reprocessing-concorrencia-99ffb167-e937-46e3-af07-6efca3a36469 payload=com.moises.messaging.dto.OrderRequest@301bb124
2026-08-11 23:12:25.777 [http-nio-auto-1-exec-2] INFO  com.moises.messaging.evidence - PUBLISHED topic=orders-topic idempotencyKey=reprocessing-concorrencia-99ffb167-e937-46e3-af07-6efca3a36469 payload=com.moises.messaging.dto.OrderRequest@66d4c90c
2026-08-11 23:12:25.845 [pool-3-thread-1] INFO  com.moises.messaging.evidence - TEST_PUBLISHED idempotencyKey=reprocessing-concorrencia-99ffb167-e937-46e3-af07-6efca3a36469 payload=com.moises.messaging.dto.OrderRequest@4ea555
2026-08-11 23:12:25.845 [pool-3-thread-2] INFO  com.moises.messaging.evidence - TEST_PUBLISHED idempotencyKey=reprocessing-concorrencia-99ffb167-e937-46e3-af07-6efca3a36469 payload=com.moises.messaging.dto.OrderRequest@4ea555
2026-08-11 23:12:30.607 [org.springframework.kafka.KafkaListenerEndpointContainer#0-0-C-1] INFO  com.moises.messaging.evidence - PERSISTED idempotencyKey=reprocessing-concorrencia-99ffb167-e937-46e3-af07-6efca3a36469 orderId=18006373-de17-42ab-b908-7a77297b9b58 status=RECEIVED
2026-08-11 23:12:30.729 [org.springframework.kafka.KafkaListenerEndpointContainer#0-0-C-1] INFO  com.moises.messaging.evidence - DUPLICATE_IGNORED idempotencyKey=reprocessing-concorrencia-99ffb167-e937-46e3-af07-6efca3a36469
2026-08-11 23:15:09.856 [main] INFO  com.moises.messaging.evidence - TEST_ASSERT_NEVER_PERSISTED idempotencyKey=dlq-invalido-5cfa7212-9e91-44be-8b77-de41022693cd confirmed=true
2026-08-11 23:18:24.457 [http-nio-auto-1-exec-1] INFO  com.moises.messaging.evidence - PUBLISHED topic=orders-topic idempotencyKey=cache-consistency-d2863241-7d63-4fae-96fd-4122c8debddd payload=com.moises.messaging.dto.OrderRequest@5569a1cf
2026-08-11 23:18:24.547 [main] INFO  com.moises.messaging.evidence - TEST_PUBLISHED idempotencyKey=cache-consistency-d2863241-7d63-4fae-96fd-4122c8debddd payload=com.moises.messaging.dto.OrderRequest@4f70d016
2026-08-11 23:18:29.254 [org.springframework.kafka.KafkaListenerEndpointContainer#0-0-C-1] INFO  com.moises.messaging.evidence - PERSISTED idempotencyKey=cache-consistency-d2863241-7d63-4fae-96fd-4122c8debddd orderId=1f5b12e3-bbf0-4d8a-a728-b1f7ca984a18 status=RECEIVED
2026-08-11 23:24:09.556 [http-nio-auto-1-exec-1] INFO  com.moises.messaging.evidence - PUBLISHED topic=orders-topic idempotencyKey=cache-consistency-bc1b4bd3-b545-4146-90f8-ac3bab580201 payload=com.moises.messaging.dto.OrderRequest@2d5f3132
2026-08-11 23:24:09.618 [main] INFO  com.moises.messaging.evidence - TEST_PUBLISHED idempotencyKey=cache-consistency-bc1b4bd3-b545-4146-90f8-ac3bab580201 payload=com.moises.messaging.dto.OrderRequest@14609591
2026-08-11 23:24:14.461 [org.springframework.kafka.KafkaListenerEndpointContainer#0-0-C-1] INFO  com.moises.messaging.evidence - PERSISTED idempotencyKey=cache-consistency-bc1b4bd3-b545-4146-90f8-ac3bab580201 orderId=66d1c354-6548-4c3f-8ccf-aff332fc2d5a status=RECEIVED
2026-08-11 23:26:57.640 [http-nio-auto-1-exec-1] INFO  com.moises.messaging.evidence - PUBLISHED topic=orders-topic idempotencyKey=volume-0-ca619ecb-4707-4bbb-aaae-8573c41bcc50 payload=com.moises.messaging.dto.OrderRequest@26f5ef72
2026-08-11 23:26:57.708 [main] INFO  com.moises.messaging.evidence - TEST_PUBLISHED idempotencyKey=volume-0-ca619ecb-4707-4bbb-aaae-8573c41bcc50 payload=com.moises.messaging.dto.OrderRequest@1cdd67dc
2026-08-11 23:26:57.720 [http-nio-auto-1-exec-3] INFO  com.moises.messaging.evidence - PUBLISHED topic=orders-topic idempotencyKey=volume-1-75e759fa-dbe7-4b21-bd95-90c0ad3394bf payload=com.moises.messaging.dto.OrderRequest@5776b5ec
2026-08-11 23:26:57.724 [main] INFO  com.moises.messaging.evidence - TEST_PUBLISHED idempotencyKey=volume-1-75e759fa-dbe7-4b21-bd95-90c0ad3394bf payload=com.moises.messaging.dto.OrderRequest@7d7dcf6
2026-08-11 23:26:57.735 [http-nio-auto-1-exec-2] INFO  com.moises.messaging.evidence - PUBLISHED topic=orders-topic idempotencyKey=volume-2-b92dfed3-0fab-4e1e-aa3b-ea9684c57075 payload=com.moises.messaging.dto.OrderRequest@4d010242
2026-08-11 23:26:57.739 [main] INFO  com.moises.messaging.evidence - TEST_PUBLISHED idempotencyKey=volume-2-b92dfed3-0fab-4e1e-aa3b-ea9684c57075 payload=com.moises.messaging.dto.OrderRequest@7043a857
2026-08-11 23:26:57.748 [http-nio-auto-1-exec-4] INFO  com.moises.messaging.evidence - PUBLISHED topic=orders-topic idempotencyKey=volume-3-44cca513-257e-406c-b91a-a1b9cf3a5c58 payload=com.moises.messaging.dto.OrderRequest@4c3583aa
2026-08-11 23:26:57.751 [main] INFO  com.moises.messaging.evidence - TEST_PUBLISHED idempotencyKey=volume-3-44cca513-257e-406c-b91a-a1b9cf3a5c58 payload=com.moises.messaging.dto.OrderRequest@1cdc5782
2026-08-11 23:26:57.762 [http-nio-auto-1-exec-5] INFO  com.moises.messaging.evidence - PUBLISHED topic=orders-topic idempotencyKey=volume-4-47cf5aea-daa2-46e9-b5ec-6ccda2e441ba payload=com.moises.messaging.dto.OrderRequest@3f7615b0
2026-08-11 23:26:57.764 [main] INFO  com.moises.messaging.evidence - TEST_PUBLISHED idempotencyKey=volume-4-47cf5aea-daa2-46e9-b5ec-6ccda2e441ba payload=com.moises.messaging.dto.OrderRequest@1f3177ae
2026-08-11 23:26:57.771 [http-nio-auto-1-exec-6] INFO  com.moises.messaging.evidence - PUBLISHED topic=orders-topic idempotencyKey=volume-5-4830db37-32c6-4a7a-b058-52c3ff53e91e payload=com.moises.messaging.dto.OrderRequest@27dcbd9e
2026-08-11 23:26:57.773 [main] INFO  com.moises.messaging.evidence - TEST_PUBLISHED idempotencyKey=volume-5-4830db37-32c6-4a7a-b058-52c3ff53e91e payload=com.moises.messaging.dto.OrderRequest@263828d2
2026-08-11 23:26:57.782 [http-nio-auto-1-exec-7] INFO  com.moises.messaging.evidence - PUBLISHED topic=orders-topic idempotencyKey=volume-6-caf75b55-25b0-491f-8fa7-3e60f151d51e payload=com.moises.messaging.dto.OrderRequest@4054eef6
2026-08-11 23:26:57.785 [main] INFO  com.moises.messaging.evidence - TEST_PUBLISHED idempotencyKey=volume-6-caf75b55-25b0-491f-8fa7-3e60f151d51e payload=com.moises.messaging.dto.OrderRequest@4bd43d52
2026-08-11 23:26:57.792 [http-nio-auto-1-exec-8] INFO  com.moises.messaging.evidence - PUBLISHED topic=orders-topic idempotencyKey=volume-7-72197683-7f99-430b-a876-b2d1faac0517 payload=com.moises.messaging.dto.OrderRequest@7ad591d8
2026-08-11 23:26:57.796 [main] INFO  com.moises.messaging.evidence - TEST_PUBLISHED idempotencyKey=volume-7-72197683-7f99-430b-a876-b2d1faac0517 payload=com.moises.messaging.dto.OrderRequest@35ca03ed
2026-08-11 23:26:57.803 [http-nio-auto-1-exec-9] INFO  com.moises.messaging.evidence - PUBLISHED topic=orders-topic idempotencyKey=volume-8-bef9d792-8a64-4085-b4d7-682571599b8a payload=com.moises.messaging.dto.OrderRequest@427ae0b4
2026-08-11 23:26:57.806 [main] INFO  com.moises.messaging.evidence - TEST_PUBLISHED idempotencyKey=volume-8-bef9d792-8a64-4085-b4d7-682571599b8a payload=com.moises.messaging.dto.OrderRequest@21d29efd
2026-08-11 23:26:57.814 [http-nio-auto-1-exec-10] INFO  com.moises.messaging.evidence - PUBLISHED topic=orders-topic idempotencyKey=volume-9-03138760-6c50-46a8-9e90-d8c4637a64d2 payload=com.moises.messaging.dto.OrderRequest@c42fd18
2026-08-11 23:26:57.817 [main] INFO  com.moises.messaging.evidence - TEST_PUBLISHED idempotencyKey=volume-9-03138760-6c50-46a8-9e90-d8c4637a64d2 payload=com.moises.messaging.dto.OrderRequest@464b5cad
2026-08-11 23:26:57.825 [http-nio-auto-1-exec-1] INFO  com.moises.messaging.evidence - PUBLISHED topic=orders-topic idempotencyKey=volume-10-67a458ca-7332-40e3-8712-a1b1a1de9c6b payload=com.moises.messaging.dto.OrderRequest@2eaad09c
2026-08-11 23:26:57.828 [main] INFO  com.moises.messaging.evidence - TEST_PUBLISHED idempotencyKey=volume-10-67a458ca-7332-40e3-8712-a1b1a1de9c6b payload=com.moises.messaging.dto.OrderRequest@2c1fd79b
2026-08-11 23:26:57.834 [http-nio-auto-1-exec-3] INFO  com.moises.messaging.evidence - PUBLISHED topic=orders-topic idempotencyKey=volume-11-cf9e715c-6bb5-4090-8de5-17c771de40ca payload=com.moises.messaging.dto.OrderRequest@164bbfd7
2026-08-11 23:26:57.836 [main] INFO  com.moises.messaging.evidence - TEST_PUBLISHED idempotencyKey=volume-11-cf9e715c-6bb5-4090-8de5-17c771de40ca payload=com.moises.messaging.dto.OrderRequest@492f7c9e
2026-08-11 23:26:57.843 [http-nio-auto-1-exec-2] INFO  com.moises.messaging.evidence - PUBLISHED topic=orders-topic idempotencyKey=volume-12-d1b822ea-b192-4e23-a1ef-b56caec016c3 payload=com.moises.messaging.dto.OrderRequest@c3c0879
2026-08-11 23:26:57.845 [main] INFO  com.moises.messaging.evidence - TEST_PUBLISHED idempotencyKey=volume-12-d1b822ea-b192-4e23-a1ef-b56caec016c3 payload=com.moises.messaging.dto.OrderRequest@7cbf2630
2026-08-11 23:26:57.852 [http-nio-auto-1-exec-4] INFO  com.moises.messaging.evidence - PUBLISHED topic=orders-topic idempotencyKey=volume-13-043f7959-419d-4db5-96af-0a64bdfc3406 payload=com.moises.messaging.dto.OrderRequest@d088991
2026-08-11 23:26:57.854 [main] INFO  com.moises.messaging.evidence - TEST_PUBLISHED idempotencyKey=volume-13-043f7959-419d-4db5-96af-0a64bdfc3406 payload=com.moises.messaging.dto.OrderRequest@608da33e
2026-08-11 23:26:57.861 [http-nio-auto-1-exec-5] INFO  com.moises.messaging.evidence - PUBLISHED topic=orders-topic idempotencyKey=volume-14-7f2d2aac-9996-4ff0-8901-d403b2c7a22e payload=com.moises.messaging.dto.OrderRequest@7e4b1f8b
2026-08-11 23:26:57.863 [main] INFO  com.moises.messaging.evidence - TEST_PUBLISHED idempotencyKey=volume-14-7f2d2aac-9996-4ff0-8901-d403b2c7a22e payload=com.moises.messaging.dto.OrderRequest@327c03bb
2026-08-11 23:26:57.872 [http-nio-auto-1-exec-6] INFO  com.moises.messaging.evidence - PUBLISHED topic=orders-topic idempotencyKey=volume-15-4abffa97-5e5c-4a31-9045-c3fecaecbd6d payload=com.moises.messaging.dto.OrderRequest@797005fc
2026-08-11 23:26:57.877 [main] INFO  com.moises.messaging.evidence - TEST_PUBLISHED idempotencyKey=volume-15-4abffa97-5e5c-4a31-9045-c3fecaecbd6d payload=com.moises.messaging.dto.OrderRequest@897adac
2026-08-11 23:26:57.886 [http-nio-auto-1-exec-7] INFO  com.moises.messaging.evidence - PUBLISHED topic=orders-topic idempotencyKey=volume-16-448e28a4-f5ff-41ee-aa0c-3c792e554399 payload=com.moises.messaging.dto.OrderRequest@169e4cd
2026-08-11 23:26:57.889 [main] INFO  com.moises.messaging.evidence - TEST_PUBLISHED idempotencyKey=volume-16-448e28a4-f5ff-41ee-aa0c-3c792e554399 payload=com.moises.messaging.dto.OrderRequest@5a2416de
2026-08-11 23:26:57.897 [http-nio-auto-1-exec-8] INFO  com.moises.messaging.evidence - PUBLISHED topic=orders-topic idempotencyKey=volume-17-2fe6486d-e6db-4a4b-8133-35f89b932da7 payload=com.moises.messaging.dto.OrderRequest@46a1476
2026-08-11 23:26:57.899 [main] INFO  com.moises.messaging.evidence - TEST_PUBLISHED idempotencyKey=volume-17-2fe6486d-e6db-4a4b-8133-35f89b932da7 payload=com.moises.messaging.dto.OrderRequest@709ced0e
2026-08-11 23:26:57.908 [http-nio-auto-1-exec-9] INFO  com.moises.messaging.evidence - PUBLISHED topic=orders-topic idempotencyKey=volume-18-2561afe5-39d5-4027-9eb7-37f49d22a9b0 payload=com.moises.messaging.dto.OrderRequest@22551ffb
2026-08-11 23:26:57.912 [main] INFO  com.moises.messaging.evidence - TEST_PUBLISHED idempotencyKey=volume-18-2561afe5-39d5-4027-9eb7-37f49d22a9b0 payload=com.moises.messaging.dto.OrderRequest@6b7c417
2026-08-11 23:26:57.921 [http-nio-auto-1-exec-10] INFO  com.moises.messaging.evidence - PUBLISHED topic=orders-topic idempotencyKey=volume-19-528ff9b8-8fa1-4809-a7f6-5265cb4de064 payload=com.moises.messaging.dto.OrderRequest@4d7ff723
2026-08-11 23:26:57.926 [main] INFO  com.moises.messaging.evidence - TEST_PUBLISHED idempotencyKey=volume-19-528ff9b8-8fa1-4809-a7f6-5265cb4de064 payload=com.moises.messaging.dto.OrderRequest@33f8e3a0
2026-08-11 23:26:57.936 [http-nio-auto-1-exec-1] INFO  com.moises.messaging.evidence - PUBLISHED topic=orders-topic idempotencyKey=volume-20-09a5082b-205b-4f62-8c14-5f2daae678a7 payload=com.moises.messaging.dto.OrderRequest@2d60b2b6
2026-08-11 23:26:57.939 [main] INFO  com.moises.messaging.evidence - TEST_PUBLISHED idempotencyKey=volume-20-09a5082b-205b-4f62-8c14-5f2daae678a7 payload=com.moises.messaging.dto.OrderRequest@499091e7
2026-08-11 23:26:57.951 [http-nio-auto-1-exec-3] INFO  com.moises.messaging.evidence - PUBLISHED topic=orders-topic idempotencyKey=volume-21-43ae2317-431d-4085-a4da-c2b7c4316b21 payload=com.moises.messaging.dto.OrderRequest@27178d28
2026-08-11 23:26:57.955 [main] INFO  com.moises.messaging.evidence - TEST_PUBLISHED idempotencyKey=volume-21-43ae2317-431d-4085-a4da-c2b7c4316b21 payload=com.moises.messaging.dto.OrderRequest@5e73e146
2026-08-11 23:26:57.967 [http-nio-auto-1-exec-2] INFO  com.moises.messaging.evidence - PUBLISHED topic=orders-topic idempotencyKey=volume-22-235e4b58-67a1-406f-b29d-1c9577caa43c payload=com.moises.messaging.dto.OrderRequest@3d7a4755
2026-08-11 23:26:57.971 [main] INFO  com.moises.messaging.evidence - TEST_PUBLISHED idempotencyKey=volume-22-235e4b58-67a1-406f-b29d-1c9577caa43c payload=com.moises.messaging.dto.OrderRequest@66dc11e3
2026-08-11 23:26:57.983 [http-nio-auto-1-exec-4] INFO  com.moises.messaging.evidence - PUBLISHED topic=orders-topic idempotencyKey=volume-23-c1399083-160b-4921-96d7-007e98cc1bd5 payload=com.moises.messaging.dto.OrderRequest@3ccf6308
2026-08-11 23:26:57.986 [main] INFO  com.moises.messaging.evidence - TEST_PUBLISHED idempotencyKey=volume-23-c1399083-160b-4921-96d7-007e98cc1bd5 payload=com.moises.messaging.dto.OrderRequest@12cd0b7b
2026-08-11 23:26:57.998 [http-nio-auto-1-exec-5] INFO  com.moises.messaging.evidence - PUBLISHED topic=orders-topic idempotencyKey=volume-24-1db1d1c9-0973-4884-8b8e-483c6214afc7 payload=com.moises.messaging.dto.OrderRequest@4f7f45d9
2026-08-11 23:26:58.002 [main] INFO  com.moises.messaging.evidence - TEST_PUBLISHED idempotencyKey=volume-24-1db1d1c9-0973-4884-8b8e-483c6214afc7 payload=com.moises.messaging.dto.OrderRequest@5f9fbf6c
2026-08-11 23:26:58.016 [http-nio-auto-1-exec-6] INFO  com.moises.messaging.evidence - PUBLISHED topic=orders-topic idempotencyKey=volume-25-9721c0b2-f70e-4e71-9205-17e8fa342189 payload=com.moises.messaging.dto.OrderRequest@15dc79dd
2026-08-11 23:26:58.019 [main] INFO  com.moises.messaging.evidence - TEST_PUBLISHED idempotencyKey=volume-25-9721c0b2-f70e-4e71-9205-17e8fa342189 payload=com.moises.messaging.dto.OrderRequest@1ea71c08
2026-08-11 23:26:58.031 [http-nio-auto-1-exec-7] INFO  com.moises.messaging.evidence - PUBLISHED topic=orders-topic idempotencyKey=volume-26-884c4015-e511-4dd4-8726-d16aad543df6 payload=com.moises.messaging.dto.OrderRequest@30a26359
2026-08-11 23:26:58.035 [main] INFO  com.moises.messaging.evidence - TEST_PUBLISHED idempotencyKey=volume-26-884c4015-e511-4dd4-8726-d16aad543df6 payload=com.moises.messaging.dto.OrderRequest@18f24536
2026-08-11 23:26:58.046 [http-nio-auto-1-exec-8] INFO  com.moises.messaging.evidence - PUBLISHED topic=orders-topic idempotencyKey=volume-27-cfba62f3-e49f-42bc-a933-8f93de18c6d7 payload=com.moises.messaging.dto.OrderRequest@587a7a35
2026-08-11 23:26:58.047 [main] INFO  com.moises.messaging.evidence - TEST_PUBLISHED idempotencyKey=volume-27-cfba62f3-e49f-42bc-a933-8f93de18c6d7 payload=com.moises.messaging.dto.OrderRequest@621e0380
2026-08-11 23:26:58.053 [http-nio-auto-1-exec-9] INFO  com.moises.messaging.evidence - PUBLISHED topic=orders-topic idempotencyKey=volume-28-9c5294f8-d969-40f8-8960-40a27ae8c316 payload=com.moises.messaging.dto.OrderRequest@62fddbf5
2026-08-11 23:26:58.055 [main] INFO  com.moises.messaging.evidence - TEST_PUBLISHED idempotencyKey=volume-28-9c5294f8-d969-40f8-8960-40a27ae8c316 payload=com.moises.messaging.dto.OrderRequest@40d8b470
2026-08-11 23:26:58.063 [http-nio-auto-1-exec-10] INFO  com.moises.messaging.evidence - PUBLISHED topic=orders-topic idempotencyKey=volume-29-f5df99a0-f892-4de5-ac96-db9e8fe2c41c payload=com.moises.messaging.dto.OrderRequest@7c78babb
2026-08-11 23:26:58.065 [main] INFO  com.moises.messaging.evidence - TEST_PUBLISHED idempotencyKey=volume-29-f5df99a0-f892-4de5-ac96-db9e8fe2c41c payload=com.moises.messaging.dto.OrderRequest@66b9b73f
2026-08-11 23:26:58.071 [http-nio-auto-1-exec-1] INFO  com.moises.messaging.evidence - PUBLISHED topic=orders-topic idempotencyKey=volume-30-ec1cb087-2dc9-48fb-9008-c843f116ced3 payload=com.moises.messaging.dto.OrderRequest@6908a1af
2026-08-11 23:26:58.073 [main] INFO  com.moises.messaging.evidence - TEST_PUBLISHED idempotencyKey=volume-30-ec1cb087-2dc9-48fb-9008-c843f116ced3 payload=com.moises.messaging.dto.OrderRequest@6ce8852b
2026-08-11 23:26:58.080 [http-nio-auto-1-exec-3] INFO  com.moises.messaging.evidence - PUBLISHED topic=orders-topic idempotencyKey=volume-31-486ecade-f4c7-444c-a9c4-1232772e82da payload=com.moises.messaging.dto.OrderRequest@76644098
2026-08-11 23:26:58.082 [main] INFO  com.moises.messaging.evidence - TEST_PUBLISHED idempotencyKey=volume-31-486ecade-f4c7-444c-a9c4-1232772e82da payload=com.moises.messaging.dto.OrderRequest@7e788935
2026-08-11 23:26:58.087 [http-nio-auto-1-exec-2] INFO  com.moises.messaging.evidence - PUBLISHED topic=orders-topic idempotencyKey=volume-32-a420420e-1539-431e-a91a-6ae696c5c163 payload=com.moises.messaging.dto.OrderRequest@6c13f736
2026-08-11 23:26:58.089 [main] INFO  com.moises.messaging.evidence - TEST_PUBLISHED idempotencyKey=volume-32-a420420e-1539-431e-a91a-6ae696c5c163 payload=com.moises.messaging.dto.OrderRequest@7b06d9be
2026-08-11 23:26:58.096 [http-nio-auto-1-exec-4] INFO  com.moises.messaging.evidence - PUBLISHED topic=orders-topic idempotencyKey=volume-33-1257591c-658e-4582-ab4d-5e510e414766 payload=com.moises.messaging.dto.OrderRequest@6d2776de
2026-08-11 23:26:58.097 [main] INFO  com.moises.messaging.evidence - TEST_PUBLISHED idempotencyKey=volume-33-1257591c-658e-4582-ab4d-5e510e414766 payload=com.moises.messaging.dto.OrderRequest@502d89ae
2026-08-11 23:26:58.102 [http-nio-auto-1-exec-5] INFO  com.moises.messaging.evidence - PUBLISHED topic=orders-topic idempotencyKey=volume-34-884dafad-8f76-4a33-a41c-bc3abb46f4c6 payload=com.moises.messaging.dto.OrderRequest@1e64e0c4
2026-08-11 23:26:58.104 [main] INFO  com.moises.messaging.evidence - TEST_PUBLISHED idempotencyKey=volume-34-884dafad-8f76-4a33-a41c-bc3abb46f4c6 payload=com.moises.messaging.dto.OrderRequest@78c48f5d
2026-08-11 23:26:58.110 [http-nio-auto-1-exec-6] INFO  com.moises.messaging.evidence - PUBLISHED topic=orders-topic idempotencyKey=volume-35-62a4cac2-c655-4361-9b1e-7521f82749e6 payload=com.moises.messaging.dto.OrderRequest@678a257b
2026-08-11 23:26:58.112 [main] INFO  com.moises.messaging.evidence - TEST_PUBLISHED idempotencyKey=volume-35-62a4cac2-c655-4361-9b1e-7521f82749e6 payload=com.moises.messaging.dto.OrderRequest@42cf8051
2026-08-11 23:26:58.117 [http-nio-auto-1-exec-7] INFO  com.moises.messaging.evidence - PUBLISHED topic=orders-topic idempotencyKey=volume-36-4e3833e9-29fc-4a53-9889-0cb4289601de payload=com.moises.messaging.dto.OrderRequest@61461b82
2026-08-11 23:26:58.120 [main] INFO  com.moises.messaging.evidence - TEST_PUBLISHED idempotencyKey=volume-36-4e3833e9-29fc-4a53-9889-0cb4289601de payload=com.moises.messaging.dto.OrderRequest@fc97a9f
2026-08-11 23:26:58.129 [http-nio-auto-1-exec-8] INFO  com.moises.messaging.evidence - PUBLISHED topic=orders-topic idempotencyKey=volume-37-fc3d0271-5de2-4c2c-b5a8-4c85375ef867 payload=com.moises.messaging.dto.OrderRequest@710c6c5e
2026-08-11 23:26:58.130 [main] INFO  com.moises.messaging.evidence - TEST_PUBLISHED idempotencyKey=volume-37-fc3d0271-5de2-4c2c-b5a8-4c85375ef867 payload=com.moises.messaging.dto.OrderRequest@3315e231
2026-08-11 23:26:58.139 [http-nio-auto-1-exec-9] INFO  com.moises.messaging.evidence - PUBLISHED topic=orders-topic idempotencyKey=volume-38-cae08be2-c1e4-433a-9d2c-fab79a459604 payload=com.moises.messaging.dto.OrderRequest@261bc11f
2026-08-11 23:26:58.141 [main] INFO  com.moises.messaging.evidence - TEST_PUBLISHED idempotencyKey=volume-38-cae08be2-c1e4-433a-9d2c-fab79a459604 payload=com.moises.messaging.dto.OrderRequest@6f772d69
2026-08-11 23:26:58.150 [http-nio-auto-1-exec-10] INFO  com.moises.messaging.evidence - PUBLISHED topic=orders-topic idempotencyKey=volume-39-b615dcbc-ab89-425b-834b-f91cd872ed05 payload=com.moises.messaging.dto.OrderRequest@2d50086c
2026-08-11 23:26:58.152 [main] INFO  com.moises.messaging.evidence - TEST_PUBLISHED idempotencyKey=volume-39-b615dcbc-ab89-425b-834b-f91cd872ed05 payload=com.moises.messaging.dto.OrderRequest@5104e5de
2026-08-11 23:26:58.160 [http-nio-auto-1-exec-1] INFO  com.moises.messaging.evidence - PUBLISHED topic=orders-topic idempotencyKey=volume-40-cfb5121e-019a-4d9e-b3db-b27ebd334b5f payload=com.moises.messaging.dto.OrderRequest@21360f7d
2026-08-11 23:26:58.164 [main] INFO  com.moises.messaging.evidence - TEST_PUBLISHED idempotencyKey=volume-40-cfb5121e-019a-4d9e-b3db-b27ebd334b5f payload=com.moises.messaging.dto.OrderRequest@155d60e3
2026-08-11 23:26:58.172 [http-nio-auto-1-exec-3] INFO  com.moises.messaging.evidence - PUBLISHED topic=orders-topic idempotencyKey=volume-41-ee057472-28b1-4267-abda-6f6789d80bb6 payload=com.moises.messaging.dto.OrderRequest@4c41bfc8
2026-08-11 23:26:58.174 [main] INFO  com.moises.messaging.evidence - TEST_PUBLISHED idempotencyKey=volume-41-ee057472-28b1-4267-abda-6f6789d80bb6 payload=com.moises.messaging.dto.OrderRequest@9451c13
2026-08-11 23:26:58.183 [http-nio-auto-1-exec-2] INFO  com.moises.messaging.evidence - PUBLISHED topic=orders-topic idempotencyKey=volume-42-f1fb4015-0201-4114-a3cc-f5747d8a4b6b payload=com.moises.messaging.dto.OrderRequest@1942f69a
2026-08-11 23:26:58.186 [main] INFO  com.moises.messaging.evidence - TEST_PUBLISHED idempotencyKey=volume-42-f1fb4015-0201-4114-a3cc-f5747d8a4b6b payload=com.moises.messaging.dto.OrderRequest@5f8f7437
2026-08-11 23:26:58.193 [http-nio-auto-1-exec-4] INFO  com.moises.messaging.evidence - PUBLISHED topic=orders-topic idempotencyKey=volume-43-8cfe1df8-89ff-4da0-8059-9e0c28863188 payload=com.moises.messaging.dto.OrderRequest@4acf0d80
2026-08-11 23:26:58.197 [main] INFO  com.moises.messaging.evidence - TEST_PUBLISHED idempotencyKey=volume-43-8cfe1df8-89ff-4da0-8059-9e0c28863188 payload=com.moises.messaging.dto.OrderRequest@2953400d
2026-08-11 23:26:58.204 [http-nio-auto-1-exec-5] INFO  com.moises.messaging.evidence - PUBLISHED topic=orders-topic idempotencyKey=volume-44-4f7d38be-8d11-461c-9348-9aa59750345a payload=com.moises.messaging.dto.OrderRequest@332cc0a7
2026-08-11 23:26:58.205 [main] INFO  com.moises.messaging.evidence - TEST_PUBLISHED idempotencyKey=volume-44-4f7d38be-8d11-461c-9348-9aa59750345a payload=com.moises.messaging.dto.OrderRequest@577777bc
2026-08-11 23:26:58.214 [http-nio-auto-1-exec-6] INFO  com.moises.messaging.evidence - PUBLISHED topic=orders-topic idempotencyKey=volume-45-54f91595-a637-40e1-acb5-da01b9d500ef payload=com.moises.messaging.dto.OrderRequest@43d06c68
2026-08-11 23:26:58.216 [main] INFO  com.moises.messaging.evidence - TEST_PUBLISHED idempotencyKey=volume-45-54f91595-a637-40e1-acb5-da01b9d500ef payload=com.moises.messaging.dto.OrderRequest@76734cc5
2026-08-11 23:26:58.228 [http-nio-auto-1-exec-7] INFO  com.moises.messaging.evidence - PUBLISHED topic=orders-topic idempotencyKey=volume-46-7ce9ab6c-5143-4e9e-8a44-fada65195686 payload=com.moises.messaging.dto.OrderRequest@25fc3ee5
2026-08-11 23:26:58.231 [main] INFO  com.moises.messaging.evidence - TEST_PUBLISHED idempotencyKey=volume-46-7ce9ab6c-5143-4e9e-8a44-fada65195686 payload=com.moises.messaging.dto.OrderRequest@5279a0f0
2026-08-11 23:26:58.240 [http-nio-auto-1-exec-8] INFO  com.moises.messaging.evidence - PUBLISHED topic=orders-topic idempotencyKey=volume-47-570f2123-85dd-46d3-a209-d1844cea8d55 payload=com.moises.messaging.dto.OrderRequest@63ee152
2026-08-11 23:26:58.241 [main] INFO  com.moises.messaging.evidence - TEST_PUBLISHED idempotencyKey=volume-47-570f2123-85dd-46d3-a209-d1844cea8d55 payload=com.moises.messaging.dto.OrderRequest@6119d19a
2026-08-11 23:26:58.248 [http-nio-auto-1-exec-9] INFO  com.moises.messaging.evidence - PUBLISHED topic=orders-topic idempotencyKey=volume-48-0e583f06-de7e-48cd-8641-e7fc90ed6153 payload=com.moises.messaging.dto.OrderRequest@281f1f74
2026-08-11 23:26:58.249 [main] INFO  com.moises.messaging.evidence - TEST_PUBLISHED idempotencyKey=volume-48-0e583f06-de7e-48cd-8641-e7fc90ed6153 payload=com.moises.messaging.dto.OrderRequest@dbf8092
2026-08-11 23:26:58.255 [http-nio-auto-1-exec-10] INFO  com.moises.messaging.evidence - PUBLISHED topic=orders-topic idempotencyKey=volume-49-81e87528-adda-49f2-b20a-410c3d7ab81e payload=com.moises.messaging.dto.OrderRequest@3a289906
2026-08-11 23:26:58.258 [main] INFO  com.moises.messaging.evidence - TEST_PUBLISHED idempotencyKey=volume-49-81e87528-adda-49f2-b20a-410c3d7ab81e payload=com.moises.messaging.dto.OrderRequest@6146f084
2026-08-11 23:26:58.265 [http-nio-auto-1-exec-1] INFO  com.moises.messaging.evidence - PUBLISHED topic=orders-topic idempotencyKey=volume-50-f11a255a-1f56-400f-a967-30f069acb98b payload=com.moises.messaging.dto.OrderRequest@4eb25bc0
2026-08-11 23:26:58.267 [main] INFO  com.moises.messaging.evidence - TEST_PUBLISHED idempotencyKey=volume-50-f11a255a-1f56-400f-a967-30f069acb98b payload=com.moises.messaging.dto.OrderRequest@7ea7b27c
2026-08-11 23:26:58.271 [http-nio-auto-1-exec-3] INFO  com.moises.messaging.evidence - PUBLISHED topic=orders-topic idempotencyKey=volume-51-e4072654-2fe2-491c-a014-e56f2f1d36bd payload=com.moises.messaging.dto.OrderRequest@722ada4d
2026-08-11 23:26:58.273 [main] INFO  com.moises.messaging.evidence - TEST_PUBLISHED idempotencyKey=volume-51-e4072654-2fe2-491c-a014-e56f2f1d36bd payload=com.moises.messaging.dto.OrderRequest@519d2933
2026-08-11 23:26:58.279 [http-nio-auto-1-exec-2] INFO  com.moises.messaging.evidence - PUBLISHED topic=orders-topic idempotencyKey=volume-52-8b33261d-6c8d-46fb-9ced-b37969491eb1 payload=com.moises.messaging.dto.OrderRequest@685d6f9c
2026-08-11 23:26:58.280 [main] INFO  com.moises.messaging.evidence - TEST_PUBLISHED idempotencyKey=volume-52-8b33261d-6c8d-46fb-9ced-b37969491eb1 payload=com.moises.messaging.dto.OrderRequest@20d79882
2026-08-11 23:26:58.285 [http-nio-auto-1-exec-4] INFO  com.moises.messaging.evidence - PUBLISHED topic=orders-topic idempotencyKey=volume-53-fcbcdd30-43bb-4ea0-8c35-ac606613327e payload=com.moises.messaging.dto.OrderRequest@69696f50
2026-08-11 23:26:58.287 [main] INFO  com.moises.messaging.evidence - TEST_PUBLISHED idempotencyKey=volume-53-fcbcdd30-43bb-4ea0-8c35-ac606613327e payload=com.moises.messaging.dto.OrderRequest@76c38ecc
2026-08-11 23:26:58.291 [http-nio-auto-1-exec-5] INFO  com.moises.messaging.evidence - PUBLISHED topic=orders-topic idempotencyKey=volume-54-8ef10de1-34e2-4c65-87e5-b1c81aed90ed payload=com.moises.messaging.dto.OrderRequest@1a2a1a19
2026-08-11 23:26:58.294 [main] INFO  com.moises.messaging.evidence - TEST_PUBLISHED idempotencyKey=volume-54-8ef10de1-34e2-4c65-87e5-b1c81aed90ed payload=com.moises.messaging.dto.OrderRequest@35b4f63a
2026-08-11 23:26:58.298 [http-nio-auto-1-exec-6] INFO  com.moises.messaging.evidence - PUBLISHED topic=orders-topic idempotencyKey=volume-55-28bcce06-3a01-4ccb-968d-d8822cae9c03 payload=com.moises.messaging.dto.OrderRequest@2ff8d71d
2026-08-11 23:26:58.299 [main] INFO  com.moises.messaging.evidence - TEST_PUBLISHED idempotencyKey=volume-55-28bcce06-3a01-4ccb-968d-d8822cae9c03 payload=com.moises.messaging.dto.OrderRequest@d58850e
2026-08-11 23:26:58.306 [http-nio-auto-1-exec-7] INFO  com.moises.messaging.evidence - PUBLISHED topic=orders-topic idempotencyKey=volume-56-56ccb2d5-bd5e-4a44-bf81-0d7a51577a02 payload=com.moises.messaging.dto.OrderRequest@65080665
2026-08-11 23:26:58.308 [main] INFO  com.moises.messaging.evidence - TEST_PUBLISHED idempotencyKey=volume-56-56ccb2d5-bd5e-4a44-bf81-0d7a51577a02 payload=com.moises.messaging.dto.OrderRequest@11d70faf
2026-08-11 23:26:58.314 [http-nio-auto-1-exec-8] INFO  com.moises.messaging.evidence - PUBLISHED topic=orders-topic idempotencyKey=volume-57-b93f179e-337f-4b6d-bef3-a266c9789f69 payload=com.moises.messaging.dto.OrderRequest@39574bf9
2026-08-11 23:26:58.316 [main] INFO  com.moises.messaging.evidence - TEST_PUBLISHED idempotencyKey=volume-57-b93f179e-337f-4b6d-bef3-a266c9789f69 payload=com.moises.messaging.dto.OrderRequest@7b8856b7
2026-08-11 23:26:58.330 [http-nio-auto-1-exec-9] INFO  com.moises.messaging.evidence - PUBLISHED topic=orders-topic idempotencyKey=volume-58-b4d28560-7ad2-431b-a9c7-50a5da32520b payload=com.moises.messaging.dto.OrderRequest@21f3d4cf
2026-08-11 23:26:58.335 [main] INFO  com.moises.messaging.evidence - TEST_PUBLISHED idempotencyKey=volume-58-b4d28560-7ad2-431b-a9c7-50a5da32520b payload=com.moises.messaging.dto.OrderRequest@699f6ada
2026-08-11 23:26:58.344 [http-nio-auto-1-exec-10] INFO  com.moises.messaging.evidence - PUBLISHED topic=orders-topic idempotencyKey=volume-59-41bd3820-838a-497f-b340-5f47c3d20fca payload=com.moises.messaging.dto.OrderRequest@291ed185
2026-08-11 23:26:58.347 [main] INFO  com.moises.messaging.evidence - TEST_PUBLISHED idempotencyKey=volume-59-41bd3820-838a-497f-b340-5f47c3d20fca payload=com.moises.messaging.dto.OrderRequest@20a6f212
2026-08-11 23:26:58.353 [http-nio-auto-1-exec-1] INFO  com.moises.messaging.evidence - PUBLISHED topic=orders-topic idempotencyKey=volume-60-3847c970-1105-4425-a50e-254e521629e2 payload=com.moises.messaging.dto.OrderRequest@91c86b9
2026-08-11 23:26:58.355 [main] INFO  com.moises.messaging.evidence - TEST_PUBLISHED idempotencyKey=volume-60-3847c970-1105-4425-a50e-254e521629e2 payload=com.moises.messaging.dto.OrderRequest@9a53bde
2026-08-11 23:26:58.364 [http-nio-auto-1-exec-3] INFO  com.moises.messaging.evidence - PUBLISHED topic=orders-topic idempotencyKey=volume-61-78e6f249-c034-4da1-b9ea-9474e13df952 payload=com.moises.messaging.dto.OrderRequest@44314801
2026-08-11 23:26:58.367 [main] INFO  com.moises.messaging.evidence - TEST_PUBLISHED idempotencyKey=volume-61-78e6f249-c034-4da1-b9ea-9474e13df952 payload=com.moises.messaging.dto.OrderRequest@3021e9b3
2026-08-11 23:26:58.373 [http-nio-auto-1-exec-2] INFO  com.moises.messaging.evidence - PUBLISHED topic=orders-topic idempotencyKey=volume-62-c15f0e73-8420-401a-9901-ed456e8c3a9f payload=com.moises.messaging.dto.OrderRequest@7a6b516b
2026-08-11 23:26:58.377 [main] INFO  com.moises.messaging.evidence - TEST_PUBLISHED idempotencyKey=volume-62-c15f0e73-8420-401a-9901-ed456e8c3a9f payload=com.moises.messaging.dto.OrderRequest@22fa8cd7
2026-08-11 23:26:58.387 [http-nio-auto-1-exec-4] INFO  com.moises.messaging.evidence - PUBLISHED topic=orders-topic idempotencyKey=volume-63-06597ff4-131d-4bf3-878b-b6b7863c9c52 payload=com.moises.messaging.dto.OrderRequest@2995b868
2026-08-11 23:26:58.389 [main] INFO  com.moises.messaging.evidence - TEST_PUBLISHED idempotencyKey=volume-63-06597ff4-131d-4bf3-878b-b6b7863c9c52 payload=com.moises.messaging.dto.OrderRequest@355bccf8
2026-08-11 23:26:58.399 [http-nio-auto-1-exec-5] INFO  com.moises.messaging.evidence - PUBLISHED topic=orders-topic idempotencyKey=volume-64-063545c6-1b12-4b4d-9efa-1b68c5355c6c payload=com.moises.messaging.dto.OrderRequest@939267d
2026-08-11 23:26:58.400 [main] INFO  com.moises.messaging.evidence - TEST_PUBLISHED idempotencyKey=volume-64-063545c6-1b12-4b4d-9efa-1b68c5355c6c payload=com.moises.messaging.dto.OrderRequest@15007a46
2026-08-11 23:26:58.407 [http-nio-auto-1-exec-6] INFO  com.moises.messaging.evidence - PUBLISHED topic=orders-topic idempotencyKey=volume-65-137c8a47-fa00-4e2d-939f-8cd749462ad7 payload=com.moises.messaging.dto.OrderRequest@7de1db7f
2026-08-11 23:26:58.412 [main] INFO  com.moises.messaging.evidence - TEST_PUBLISHED idempotencyKey=volume-65-137c8a47-fa00-4e2d-939f-8cd749462ad7 payload=com.moises.messaging.dto.OrderRequest@2ad36524
2026-08-11 23:26:58.418 [http-nio-auto-1-exec-7] INFO  com.moises.messaging.evidence - PUBLISHED topic=orders-topic idempotencyKey=volume-66-556ce4e4-5505-4a3a-8e8d-3c535067f2eb payload=com.moises.messaging.dto.OrderRequest@1ef1e05e
2026-08-11 23:26:58.420 [main] INFO  com.moises.messaging.evidence - TEST_PUBLISHED idempotencyKey=volume-66-556ce4e4-5505-4a3a-8e8d-3c535067f2eb payload=com.moises.messaging.dto.OrderRequest@5c39d89d
2026-08-11 23:26:58.428 [http-nio-auto-1-exec-8] INFO  com.moises.messaging.evidence - PUBLISHED topic=orders-topic idempotencyKey=volume-67-f2fb74f2-598d-4ebc-921a-8b2be0779646 payload=com.moises.messaging.dto.OrderRequest@31bd6ed0
2026-08-11 23:26:58.431 [main] INFO  com.moises.messaging.evidence - TEST_PUBLISHED idempotencyKey=volume-67-f2fb74f2-598d-4ebc-921a-8b2be0779646 payload=com.moises.messaging.dto.OrderRequest@37eef3ee
2026-08-11 23:26:58.438 [http-nio-auto-1-exec-9] INFO  com.moises.messaging.evidence - PUBLISHED topic=orders-topic idempotencyKey=volume-68-7c07af91-dc09-4185-811e-a5a5b43616df payload=com.moises.messaging.dto.OrderRequest@5f0b1243
2026-08-11 23:26:58.443 [main] INFO  com.moises.messaging.evidence - TEST_PUBLISHED idempotencyKey=volume-68-7c07af91-dc09-4185-811e-a5a5b43616df payload=com.moises.messaging.dto.OrderRequest@212a6d1f
2026-08-11 23:26:58.451 [http-nio-auto-1-exec-10] INFO  com.moises.messaging.evidence - PUBLISHED topic=orders-topic idempotencyKey=volume-69-f306bce0-b6b6-4f83-9202-22001c55aca0 payload=com.moises.messaging.dto.OrderRequest@36689ba9
2026-08-11 23:26:58.453 [main] INFO  com.moises.messaging.evidence - TEST_PUBLISHED idempotencyKey=volume-69-f306bce0-b6b6-4f83-9202-22001c55aca0 payload=com.moises.messaging.dto.OrderRequest@10e1d65b
2026-08-11 23:26:58.460 [http-nio-auto-1-exec-1] INFO  com.moises.messaging.evidence - PUBLISHED topic=orders-topic idempotencyKey=volume-70-b7095696-0e47-4c67-9e19-ba3487b1d6e3 payload=com.moises.messaging.dto.OrderRequest@6b56413b
2026-08-11 23:26:58.462 [main] INFO  com.moises.messaging.evidence - TEST_PUBLISHED idempotencyKey=volume-70-b7095696-0e47-4c67-9e19-ba3487b1d6e3 payload=com.moises.messaging.dto.OrderRequest@20e19ea
2026-08-11 23:26:58.468 [http-nio-auto-1-exec-3] INFO  com.moises.messaging.evidence - PUBLISHED topic=orders-topic idempotencyKey=volume-71-a6651094-12a0-456e-9b5a-a25186ba7030 payload=com.moises.messaging.dto.OrderRequest@3750fc91
2026-08-11 23:26:58.470 [main] INFO  com.moises.messaging.evidence - TEST_PUBLISHED idempotencyKey=volume-71-a6651094-12a0-456e-9b5a-a25186ba7030 payload=com.moises.messaging.dto.OrderRequest@423febc6
2026-08-11 23:26:58.476 [http-nio-auto-1-exec-2] INFO  com.moises.messaging.evidence - PUBLISHED topic=orders-topic idempotencyKey=volume-72-bbd2847f-4fec-435d-abd6-fefa5197a0bc payload=com.moises.messaging.dto.OrderRequest@467e197a
2026-08-11 23:26:58.479 [main] INFO  com.moises.messaging.evidence - TEST_PUBLISHED idempotencyKey=volume-72-bbd2847f-4fec-435d-abd6-fefa5197a0bc payload=com.moises.messaging.dto.OrderRequest@300f340b
2026-08-11 23:26:58.485 [http-nio-auto-1-exec-4] INFO  com.moises.messaging.evidence - PUBLISHED topic=orders-topic idempotencyKey=volume-73-c2ca9119-fac6-4776-8325-43c8a1d38cb1 payload=com.moises.messaging.dto.OrderRequest@47390b2e
2026-08-11 23:26:58.486 [main] INFO  com.moises.messaging.evidence - TEST_PUBLISHED idempotencyKey=volume-73-c2ca9119-fac6-4776-8325-43c8a1d38cb1 payload=com.moises.messaging.dto.OrderRequest@2e426f5f
2026-08-11 23:26:58.492 [http-nio-auto-1-exec-5] INFO  com.moises.messaging.evidence - PUBLISHED topic=orders-topic idempotencyKey=volume-74-66e7036a-a436-4bb3-b79d-092f0fb9f219 payload=com.moises.messaging.dto.OrderRequest@6d352db6
2026-08-11 23:26:58.495 [main] INFO  com.moises.messaging.evidence - TEST_PUBLISHED idempotencyKey=volume-74-66e7036a-a436-4bb3-b79d-092f0fb9f219 payload=com.moises.messaging.dto.OrderRequest@5cf1e234
2026-08-11 23:26:58.500 [http-nio-auto-1-exec-6] INFO  com.moises.messaging.evidence - PUBLISHED topic=orders-topic idempotencyKey=volume-75-cb7106ac-8014-4720-a075-40b0be32c451 payload=com.moises.messaging.dto.OrderRequest@71873aea
2026-08-11 23:26:58.503 [main] INFO  com.moises.messaging.evidence - TEST_PUBLISHED idempotencyKey=volume-75-cb7106ac-8014-4720-a075-40b0be32c451 payload=com.moises.messaging.dto.OrderRequest@612d53b7
2026-08-11 23:26:58.509 [http-nio-auto-1-exec-7] INFO  com.moises.messaging.evidence - PUBLISHED topic=orders-topic idempotencyKey=volume-76-ee85cf85-baf6-432a-b5c6-1dbf41286199 payload=com.moises.messaging.dto.OrderRequest@130f094c
2026-08-11 23:26:58.512 [main] INFO  com.moises.messaging.evidence - TEST_PUBLISHED idempotencyKey=volume-76-ee85cf85-baf6-432a-b5c6-1dbf41286199 payload=com.moises.messaging.dto.OrderRequest@28cb8cf5
2026-08-11 23:26:58.518 [http-nio-auto-1-exec-8] INFO  com.moises.messaging.evidence - PUBLISHED topic=orders-topic idempotencyKey=volume-77-6a555e10-b437-41ba-a439-43bfcba21da6 payload=com.moises.messaging.dto.OrderRequest@4409ee7f
2026-08-11 23:26:58.520 [main] INFO  com.moises.messaging.evidence - TEST_PUBLISHED idempotencyKey=volume-77-6a555e10-b437-41ba-a439-43bfcba21da6 payload=com.moises.messaging.dto.OrderRequest@15ce3624
2026-08-11 23:26:58.526 [http-nio-auto-1-exec-9] INFO  com.moises.messaging.evidence - PUBLISHED topic=orders-topic idempotencyKey=volume-78-340921a7-0376-41b1-9ba0-8e971cbb14c0 payload=com.moises.messaging.dto.OrderRequest@7ec96b9a
2026-08-11 23:26:58.528 [main] INFO  com.moises.messaging.evidence - TEST_PUBLISHED idempotencyKey=volume-78-340921a7-0376-41b1-9ba0-8e971cbb14c0 payload=com.moises.messaging.dto.OrderRequest@46fd86eb
2026-08-11 23:26:58.534 [http-nio-auto-1-exec-10] INFO  com.moises.messaging.evidence - PUBLISHED topic=orders-topic idempotencyKey=volume-79-e658f202-d735-4738-8dca-3ae5091abdf1 payload=com.moises.messaging.dto.OrderRequest@6854027c
2026-08-11 23:26:58.536 [main] INFO  com.moises.messaging.evidence - TEST_PUBLISHED idempotencyKey=volume-79-e658f202-d735-4738-8dca-3ae5091abdf1 payload=com.moises.messaging.dto.OrderRequest@4dc6d568
2026-08-11 23:26:58.541 [http-nio-auto-1-exec-1] INFO  com.moises.messaging.evidence - PUBLISHED topic=orders-topic idempotencyKey=volume-80-cef68f10-ffba-485d-8830-9e1787e4c6d8 payload=com.moises.messaging.dto.OrderRequest@1fb26bb4
2026-08-11 23:26:58.543 [main] INFO  com.moises.messaging.evidence - TEST_PUBLISHED idempotencyKey=volume-80-cef68f10-ffba-485d-8830-9e1787e4c6d8 payload=com.moises.messaging.dto.OrderRequest@399e4401
2026-08-11 23:26:58.550 [http-nio-auto-1-exec-3] INFO  com.moises.messaging.evidence - PUBLISHED topic=orders-topic idempotencyKey=volume-81-41b4e014-8edf-4425-a03a-3e4b13039d67 payload=com.moises.messaging.dto.OrderRequest@499b901
2026-08-11 23:26:58.553 [main] INFO  com.moises.messaging.evidence - TEST_PUBLISHED idempotencyKey=volume-81-41b4e014-8edf-4425-a03a-3e4b13039d67 payload=com.moises.messaging.dto.OrderRequest@5d052a00
2026-08-11 23:26:58.559 [http-nio-auto-1-exec-2] INFO  com.moises.messaging.evidence - PUBLISHED topic=orders-topic idempotencyKey=volume-82-7716a6ee-82aa-471e-8460-d383d8e00f18 payload=com.moises.messaging.dto.OrderRequest@ebfa3fa
2026-08-11 23:26:58.563 [main] INFO  com.moises.messaging.evidence - TEST_PUBLISHED idempotencyKey=volume-82-7716a6ee-82aa-471e-8460-d383d8e00f18 payload=com.moises.messaging.dto.OrderRequest@77652595
2026-08-11 23:26:58.572 [http-nio-auto-1-exec-4] INFO  com.moises.messaging.evidence - PUBLISHED topic=orders-topic idempotencyKey=volume-83-c7f84481-502f-464e-9839-c8ea69a4cc69 payload=com.moises.messaging.dto.OrderRequest@78783774
2026-08-11 23:26:58.574 [main] INFO  com.moises.messaging.evidence - TEST_PUBLISHED idempotencyKey=volume-83-c7f84481-502f-464e-9839-c8ea69a4cc69 payload=com.moises.messaging.dto.OrderRequest@cf3d384
2026-08-11 23:26:58.585 [http-nio-auto-1-exec-5] INFO  com.moises.messaging.evidence - PUBLISHED topic=orders-topic idempotencyKey=volume-84-115cf3bb-4720-4edc-a1c2-6807389d5365 payload=com.moises.messaging.dto.OrderRequest@5eac6be9
2026-08-11 23:26:58.587 [main] INFO  com.moises.messaging.evidence - TEST_PUBLISHED idempotencyKey=volume-84-115cf3bb-4720-4edc-a1c2-6807389d5365 payload=com.moises.messaging.dto.OrderRequest@47863057
2026-08-11 23:26:58.598 [http-nio-auto-1-exec-6] INFO  com.moises.messaging.evidence - PUBLISHED topic=orders-topic idempotencyKey=volume-85-da68fc2f-3f83-4443-854d-1086c6ed80ab payload=com.moises.messaging.dto.OrderRequest@2def3340
2026-08-11 23:26:58.600 [main] INFO  com.moises.messaging.evidence - TEST_PUBLISHED idempotencyKey=volume-85-da68fc2f-3f83-4443-854d-1086c6ed80ab payload=com.moises.messaging.dto.OrderRequest@3327478d
2026-08-11 23:26:58.608 [http-nio-auto-1-exec-7] INFO  com.moises.messaging.evidence - PUBLISHED topic=orders-topic idempotencyKey=volume-86-f6c55eca-ef71-4189-bb72-5f7c54691a5b payload=com.moises.messaging.dto.OrderRequest@2f4950fa
2026-08-11 23:26:58.613 [main] INFO  com.moises.messaging.evidence - TEST_PUBLISHED idempotencyKey=volume-86-f6c55eca-ef71-4189-bb72-5f7c54691a5b payload=com.moises.messaging.dto.OrderRequest@6d3095f1
2026-08-11 23:26:58.622 [http-nio-auto-1-exec-8] INFO  com.moises.messaging.evidence - PUBLISHED topic=orders-topic idempotencyKey=volume-87-eddc3074-ef94-4be2-94c2-417888b84429 payload=com.moises.messaging.dto.OrderRequest@1ffeff52
2026-08-11 23:26:58.629 [main] INFO  com.moises.messaging.evidence - TEST_PUBLISHED idempotencyKey=volume-87-eddc3074-ef94-4be2-94c2-417888b84429 payload=com.moises.messaging.dto.OrderRequest@7f4d1420
2026-08-11 23:26:58.638 [http-nio-auto-1-exec-9] INFO  com.moises.messaging.evidence - PUBLISHED topic=orders-topic idempotencyKey=volume-88-b0339d49-d4e4-4415-8b3e-afdecfbe1d67 payload=com.moises.messaging.dto.OrderRequest@cde2a2d
2026-08-11 23:26:58.639 [main] INFO  com.moises.messaging.evidence - TEST_PUBLISHED idempotencyKey=volume-88-b0339d49-d4e4-4415-8b3e-afdecfbe1d67 payload=com.moises.messaging.dto.OrderRequest@93f8716
2026-08-11 23:26:58.649 [http-nio-auto-1-exec-10] INFO  com.moises.messaging.evidence - PUBLISHED topic=orders-topic idempotencyKey=volume-89-9f9ba693-f478-4a90-84de-b96425f9c5b7 payload=com.moises.messaging.dto.OrderRequest@64c3cecf
2026-08-11 23:26:58.650 [main] INFO  com.moises.messaging.evidence - TEST_PUBLISHED idempotencyKey=volume-89-9f9ba693-f478-4a90-84de-b96425f9c5b7 payload=com.moises.messaging.dto.OrderRequest@ada293
2026-08-11 23:26:58.659 [http-nio-auto-1-exec-1] INFO  com.moises.messaging.evidence - PUBLISHED topic=orders-topic idempotencyKey=volume-90-e487998b-7f9e-4120-87c9-76844263e1ad payload=com.moises.messaging.dto.OrderRequest@42d45956
2026-08-11 23:26:58.662 [main] INFO  com.moises.messaging.evidence - TEST_PUBLISHED idempotencyKey=volume-90-e487998b-7f9e-4120-87c9-76844263e1ad payload=com.moises.messaging.dto.OrderRequest@695b206a
2026-08-11 23:26:58.668 [http-nio-auto-1-exec-3] INFO  com.moises.messaging.evidence - PUBLISHED topic=orders-topic idempotencyKey=volume-91-4cd136f0-6c85-4fca-84ce-0a1b985c17c0 payload=com.moises.messaging.dto.OrderRequest@42c7177c
2026-08-11 23:26:58.671 [main] INFO  com.moises.messaging.evidence - TEST_PUBLISHED idempotencyKey=volume-91-4cd136f0-6c85-4fca-84ce-0a1b985c17c0 payload=com.moises.messaging.dto.OrderRequest@7e20d575
2026-08-11 23:26:58.679 [http-nio-auto-1-exec-2] INFO  com.moises.messaging.evidence - PUBLISHED topic=orders-topic idempotencyKey=volume-92-817527e5-66e9-4733-962d-c749b55e77c8 payload=com.moises.messaging.dto.OrderRequest@18bec6a4
2026-08-11 23:26:58.681 [main] INFO  com.moises.messaging.evidence - TEST_PUBLISHED idempotencyKey=volume-92-817527e5-66e9-4733-962d-c749b55e77c8 payload=com.moises.messaging.dto.OrderRequest@b52fa90
2026-08-11 23:26:58.687 [http-nio-auto-1-exec-4] INFO  com.moises.messaging.evidence - PUBLISHED topic=orders-topic idempotencyKey=volume-93-71c724eb-4315-44aa-a399-d06fb9e74846 payload=com.moises.messaging.dto.OrderRequest@55e402a4
2026-08-11 23:26:58.689 [main] INFO  com.moises.messaging.evidence - TEST_PUBLISHED idempotencyKey=volume-93-71c724eb-4315-44aa-a399-d06fb9e74846 payload=com.moises.messaging.dto.OrderRequest@66866853
2026-08-11 23:26:58.697 [http-nio-auto-1-exec-5] INFO  com.moises.messaging.evidence - PUBLISHED topic=orders-topic idempotencyKey=volume-94-847f4f43-a7ed-4b52-ac5e-e0d951759311 payload=com.moises.messaging.dto.OrderRequest@15b64fd6
2026-08-11 23:26:58.698 [main] INFO  com.moises.messaging.evidence - TEST_PUBLISHED idempotencyKey=volume-94-847f4f43-a7ed-4b52-ac5e-e0d951759311 payload=com.moises.messaging.dto.OrderRequest@566e5c99
2026-08-11 23:26:58.705 [http-nio-auto-1-exec-6] INFO  com.moises.messaging.evidence - PUBLISHED topic=orders-topic idempotencyKey=volume-95-0f69c6e6-b967-4145-afd6-98931bc95ab2 payload=com.moises.messaging.dto.OrderRequest@f05326d
2026-08-11 23:26:58.707 [main] INFO  com.moises.messaging.evidence - TEST_PUBLISHED idempotencyKey=volume-95-0f69c6e6-b967-4145-afd6-98931bc95ab2 payload=com.moises.messaging.dto.OrderRequest@2e1da05c
2026-08-11 23:26:58.714 [http-nio-auto-1-exec-7] INFO  com.moises.messaging.evidence - PUBLISHED topic=orders-topic idempotencyKey=volume-96-3122d289-a6ca-4b22-9666-1a83cc94af7f payload=com.moises.messaging.dto.OrderRequest@7a9e1e77
2026-08-11 23:26:58.717 [main] INFO  com.moises.messaging.evidence - TEST_PUBLISHED idempotencyKey=volume-96-3122d289-a6ca-4b22-9666-1a83cc94af7f payload=com.moises.messaging.dto.OrderRequest@32874975
2026-08-11 23:26:58.723 [http-nio-auto-1-exec-8] INFO  com.moises.messaging.evidence - PUBLISHED topic=orders-topic idempotencyKey=volume-97-d1084d21-cab0-42ff-b990-9f2c6e115bcc payload=com.moises.messaging.dto.OrderRequest@4036310c
2026-08-11 23:26:58.725 [main] INFO  com.moises.messaging.evidence - TEST_PUBLISHED idempotencyKey=volume-97-d1084d21-cab0-42ff-b990-9f2c6e115bcc payload=com.moises.messaging.dto.OrderRequest@67966b86
2026-08-11 23:26:58.731 [http-nio-auto-1-exec-9] INFO  com.moises.messaging.evidence - PUBLISHED topic=orders-topic idempotencyKey=volume-98-3bb950a1-e108-44f9-83cc-4abca750897f payload=com.moises.messaging.dto.OrderRequest@64568816
2026-08-11 23:26:58.733 [main] INFO  com.moises.messaging.evidence - TEST_PUBLISHED idempotencyKey=volume-98-3bb950a1-e108-44f9-83cc-4abca750897f payload=com.moises.messaging.dto.OrderRequest@43387979
2026-08-11 23:26:58.740 [http-nio-auto-1-exec-10] INFO  com.moises.messaging.evidence - PUBLISHED topic=orders-topic idempotencyKey=volume-99-7924d714-d0d3-49df-be39-96148a0484ee payload=com.moises.messaging.dto.OrderRequest@50d6e546
2026-08-11 23:26:58.742 [main] INFO  com.moises.messaging.evidence - TEST_PUBLISHED idempotencyKey=volume-99-7924d714-d0d3-49df-be39-96148a0484ee payload=com.moises.messaging.dto.OrderRequest@642e02
2026-08-11 23:26:58.749 [http-nio-auto-1-exec-1] INFO  com.moises.messaging.evidence - PUBLISHED topic=orders-topic idempotencyKey=volume-100-fa9684b4-be24-4806-9987-defdfc5fb388 payload=com.moises.messaging.dto.OrderRequest@c13e90a
2026-08-11 23:26:58.752 [main] INFO  com.moises.messaging.evidence - TEST_PUBLISHED idempotencyKey=volume-100-fa9684b4-be24-4806-9987-defdfc5fb388 payload=com.moises.messaging.dto.OrderRequest@820039a
2026-08-11 23:26:58.764 [http-nio-auto-1-exec-3] INFO  com.moises.messaging.evidence - PUBLISHED topic=orders-topic idempotencyKey=volume-101-c1848b17-3b76-46a5-aa97-e072f6143202 payload=com.moises.messaging.dto.OrderRequest@750ff7b3
2026-08-11 23:26:58.767 [main] INFO  com.moises.messaging.evidence - TEST_PUBLISHED idempotencyKey=volume-101-c1848b17-3b76-46a5-aa97-e072f6143202 payload=com.moises.messaging.dto.OrderRequest@5c3e8343
2026-08-11 23:26:58.776 [http-nio-auto-1-exec-2] INFO  com.moises.messaging.evidence - PUBLISHED topic=orders-topic idempotencyKey=volume-102-31c407f2-c3d0-4aa9-bfa6-1ca5c75eb412 payload=com.moises.messaging.dto.OrderRequest@3f3cfd17
2026-08-11 23:26:58.779 [main] INFO  com.moises.messaging.evidence - TEST_PUBLISHED idempotencyKey=volume-102-31c407f2-c3d0-4aa9-bfa6-1ca5c75eb412 payload=com.moises.messaging.dto.OrderRequest@5c4dca0c
2026-08-11 23:26:58.791 [http-nio-auto-1-exec-4] INFO  com.moises.messaging.evidence - PUBLISHED topic=orders-topic idempotencyKey=volume-103-c502dced-ef10-4ab3-889b-55dcb19b9ae0 payload=com.moises.messaging.dto.OrderRequest@442f542e
2026-08-11 23:26:58.794 [main] INFO  com.moises.messaging.evidence - TEST_PUBLISHED idempotencyKey=volume-103-c502dced-ef10-4ab3-889b-55dcb19b9ae0 payload=com.moises.messaging.dto.OrderRequest@7d78fbb9
2026-08-11 23:26:58.803 [http-nio-auto-1-exec-5] INFO  com.moises.messaging.evidence - PUBLISHED topic=orders-topic idempotencyKey=volume-104-2810e564-b51c-43f6-9365-f52b6b277f4d payload=com.moises.messaging.dto.OrderRequest@35104e3
2026-08-11 23:26:58.806 [main] INFO  com.moises.messaging.evidence - TEST_PUBLISHED idempotencyKey=volume-104-2810e564-b51c-43f6-9365-f52b6b277f4d payload=com.moises.messaging.dto.OrderRequest@75cc0b5f
2026-08-11 23:26:58.813 [http-nio-auto-1-exec-6] INFO  com.moises.messaging.evidence - PUBLISHED topic=orders-topic idempotencyKey=volume-105-19a0f02d-2271-4eb4-ba3c-de478ff8b7bd payload=com.moises.messaging.dto.OrderRequest@346330df
2026-08-11 23:26:58.816 [main] INFO  com.moises.messaging.evidence - TEST_PUBLISHED idempotencyKey=volume-105-19a0f02d-2271-4eb4-ba3c-de478ff8b7bd payload=com.moises.messaging.dto.OrderRequest@5d40ba3e
2026-08-11 23:26:58.829 [http-nio-auto-1-exec-7] INFO  com.moises.messaging.evidence - PUBLISHED topic=orders-topic idempotencyKey=volume-106-872f772c-48d4-4321-8e56-043dea2e0053 payload=com.moises.messaging.dto.OrderRequest@7c5ee83d
2026-08-11 23:26:58.831 [main] INFO  com.moises.messaging.evidence - TEST_PUBLISHED idempotencyKey=volume-106-872f772c-48d4-4321-8e56-043dea2e0053 payload=com.moises.messaging.dto.OrderRequest@6fef1630
2026-08-11 23:26:58.849 [http-nio-auto-1-exec-8] INFO  com.moises.messaging.evidence - PUBLISHED topic=orders-topic idempotencyKey=volume-107-4c566cc5-571f-4625-8a96-10496e95f04f payload=com.moises.messaging.dto.OrderRequest@1398fec2
2026-08-11 23:26:58.851 [main] INFO  com.moises.messaging.evidence - TEST_PUBLISHED idempotencyKey=volume-107-4c566cc5-571f-4625-8a96-10496e95f04f payload=com.moises.messaging.dto.OrderRequest@55708d47
2026-08-11 23:26:58.865 [http-nio-auto-1-exec-9] INFO  com.moises.messaging.evidence - PUBLISHED topic=orders-topic idempotencyKey=volume-108-61084997-0bb5-43db-89f3-44494735f1f0 payload=com.moises.messaging.dto.OrderRequest@172a9c6c
2026-08-11 23:26:58.866 [main] INFO  com.moises.messaging.evidence - TEST_PUBLISHED idempotencyKey=volume-108-61084997-0bb5-43db-89f3-44494735f1f0 payload=com.moises.messaging.dto.OrderRequest@40f3e245
2026-08-11 23:26:58.875 [http-nio-auto-1-exec-10] INFO  com.moises.messaging.evidence - PUBLISHED topic=orders-topic idempotencyKey=volume-109-5655b360-1cf8-4245-9383-13622c686f2e payload=com.moises.messaging.dto.OrderRequest@197db5a4
2026-08-11 23:26:58.877 [main] INFO  com.moises.messaging.evidence - TEST_PUBLISHED idempotencyKey=volume-109-5655b360-1cf8-4245-9383-13622c686f2e payload=com.moises.messaging.dto.OrderRequest@18ba312f
2026-08-11 23:26:58.883 [http-nio-auto-1-exec-1] INFO  com.moises.messaging.evidence - PUBLISHED topic=orders-topic idempotencyKey=volume-110-6a68d8a3-a52c-4925-ad0f-23adeabb50b8 payload=com.moises.messaging.dto.OrderRequest@6354d520
2026-08-11 23:26:58.885 [main] INFO  com.moises.messaging.evidence - TEST_PUBLISHED idempotencyKey=volume-110-6a68d8a3-a52c-4925-ad0f-23adeabb50b8 payload=com.moises.messaging.dto.OrderRequest@ff3ea9e
2026-08-11 23:26:58.891 [http-nio-auto-1-exec-3] INFO  com.moises.messaging.evidence - PUBLISHED topic=orders-topic idempotencyKey=volume-111-f280a839-7a23-4e86-9b3a-3800de41f01d payload=com.moises.messaging.dto.OrderRequest@63e8ada4
2026-08-11 23:26:58.894 [main] INFO  com.moises.messaging.evidence - TEST_PUBLISHED idempotencyKey=volume-111-f280a839-7a23-4e86-9b3a-3800de41f01d payload=com.moises.messaging.dto.OrderRequest@5e385492
2026-08-11 23:26:58.901 [http-nio-auto-1-exec-2] INFO  com.moises.messaging.evidence - PUBLISHED topic=orders-topic idempotencyKey=volume-112-88b54616-f644-4475-9c03-e355881a11bb payload=com.moises.messaging.dto.OrderRequest@12d9f4ca
2026-08-11 23:26:58.902 [main] INFO  com.moises.messaging.evidence - TEST_PUBLISHED idempotencyKey=volume-112-88b54616-f644-4475-9c03-e355881a11bb payload=com.moises.messaging.dto.OrderRequest@10674da
2026-08-11 23:26:58.909 [http-nio-auto-1-exec-4] INFO  com.moises.messaging.evidence - PUBLISHED topic=orders-topic idempotencyKey=volume-113-36205359-aeb6-46e8-bd8e-0ee458cbaf67 payload=com.moises.messaging.dto.OrderRequest@33b78bd9
2026-08-11 23:26:58.911 [main] INFO  com.moises.messaging.evidence - TEST_PUBLISHED idempotencyKey=volume-113-36205359-aeb6-46e8-bd8e-0ee458cbaf67 payload=com.moises.messaging.dto.OrderRequest@487c1e9c
2026-08-11 23:26:58.918 [http-nio-auto-1-exec-5] INFO  com.moises.messaging.evidence - PUBLISHED topic=orders-topic idempotencyKey=volume-114-9ac99dd3-2db9-4bbe-93da-1228e4eb1255 payload=com.moises.messaging.dto.OrderRequest@21975ff7
2026-08-11 23:26:58.921 [main] INFO  com.moises.messaging.evidence - TEST_PUBLISHED idempotencyKey=volume-114-9ac99dd3-2db9-4bbe-93da-1228e4eb1255 payload=com.moises.messaging.dto.OrderRequest@58cbba17
2026-08-11 23:26:58.929 [http-nio-auto-1-exec-6] INFO  com.moises.messaging.evidence - PUBLISHED topic=orders-topic idempotencyKey=volume-115-909e48dc-e522-410b-a1ed-fa2a696e11c0 payload=com.moises.messaging.dto.OrderRequest@3d6184e0
2026-08-11 23:26:58.930 [main] INFO  com.moises.messaging.evidence - TEST_PUBLISHED idempotencyKey=volume-115-909e48dc-e522-410b-a1ed-fa2a696e11c0 payload=com.moises.messaging.dto.OrderRequest@44cbf958
2026-08-11 23:26:58.937 [http-nio-auto-1-exec-7] INFO  com.moises.messaging.evidence - PUBLISHED topic=orders-topic idempotencyKey=volume-116-0f8ef912-cf88-4685-8610-baebe0699563 payload=com.moises.messaging.dto.OrderRequest@669a929c
2026-08-11 23:26:58.940 [main] INFO  com.moises.messaging.evidence - TEST_PUBLISHED idempotencyKey=volume-116-0f8ef912-cf88-4685-8610-baebe0699563 payload=com.moises.messaging.dto.OrderRequest@76d9f5bf
2026-08-11 23:26:58.947 [http-nio-auto-1-exec-8] INFO  com.moises.messaging.evidence - PUBLISHED topic=orders-topic idempotencyKey=volume-117-c258f251-78a5-4c11-99f5-ca18d9e8a4f5 payload=com.moises.messaging.dto.OrderRequest@13c1440c
2026-08-11 23:26:58.948 [main] INFO  com.moises.messaging.evidence - TEST_PUBLISHED idempotencyKey=volume-117-c258f251-78a5-4c11-99f5-ca18d9e8a4f5 payload=com.moises.messaging.dto.OrderRequest@5e799d06
2026-08-11 23:26:58.956 [http-nio-auto-1-exec-9] INFO  com.moises.messaging.evidence - PUBLISHED topic=orders-topic idempotencyKey=volume-118-bf3400e4-478a-46c7-b1e1-58b513293d35 payload=com.moises.messaging.dto.OrderRequest@231e5cb1
2026-08-11 23:26:58.957 [main] INFO  com.moises.messaging.evidence - TEST_PUBLISHED idempotencyKey=volume-118-bf3400e4-478a-46c7-b1e1-58b513293d35 payload=com.moises.messaging.dto.OrderRequest@5be79fdc
2026-08-11 23:26:58.966 [http-nio-auto-1-exec-10] INFO  com.moises.messaging.evidence - PUBLISHED topic=orders-topic idempotencyKey=volume-119-b3341905-1380-4aea-a342-2d4165f9c45b payload=com.moises.messaging.dto.OrderRequest@2cf39a7d
2026-08-11 23:26:58.969 [main] INFO  com.moises.messaging.evidence - TEST_PUBLISHED idempotencyKey=volume-119-b3341905-1380-4aea-a342-2d4165f9c45b payload=com.moises.messaging.dto.OrderRequest@40fdacc1
2026-08-11 23:26:58.981 [http-nio-auto-1-exec-1] INFO  com.moises.messaging.evidence - PUBLISHED topic=orders-topic idempotencyKey=volume-120-e9e1eb99-c028-48ab-a9e4-0f4fc6fc18b5 payload=com.moises.messaging.dto.OrderRequest@7681292e
2026-08-11 23:26:58.985 [main] INFO  com.moises.messaging.evidence - TEST_PUBLISHED idempotencyKey=volume-120-e9e1eb99-c028-48ab-a9e4-0f4fc6fc18b5 payload=com.moises.messaging.dto.OrderRequest@79b0dd6c
2026-08-11 23:26:58.995 [http-nio-auto-1-exec-3] INFO  com.moises.messaging.evidence - PUBLISHED topic=orders-topic idempotencyKey=volume-121-ca15738a-ee5c-49e0-81d5-6f4c87544b5c payload=com.moises.messaging.dto.OrderRequest@6d47ebe3
2026-08-11 23:26:58.998 [main] INFO  com.moises.messaging.evidence - TEST_PUBLISHED idempotencyKey=volume-121-ca15738a-ee5c-49e0-81d5-6f4c87544b5c payload=com.moises.messaging.dto.OrderRequest@6b33eef1
2026-08-11 23:26:59.006 [http-nio-auto-1-exec-2] INFO  com.moises.messaging.evidence - PUBLISHED topic=orders-topic idempotencyKey=volume-122-5dbc3da1-a8e8-403e-9cc5-a236ed7dcce0 payload=com.moises.messaging.dto.OrderRequest@7f378b98
2026-08-11 23:26:59.010 [main] INFO  com.moises.messaging.evidence - TEST_PUBLISHED idempotencyKey=volume-122-5dbc3da1-a8e8-403e-9cc5-a236ed7dcce0 payload=com.moises.messaging.dto.OrderRequest@c4d8534
2026-08-11 23:26:59.020 [http-nio-auto-1-exec-4] INFO  com.moises.messaging.evidence - PUBLISHED topic=orders-topic idempotencyKey=volume-123-167e677b-74bb-4621-9dbd-4f20f2c71f10 payload=com.moises.messaging.dto.OrderRequest@58fca2ac
2026-08-11 23:26:59.022 [main] INFO  com.moises.messaging.evidence - TEST_PUBLISHED idempotencyKey=volume-123-167e677b-74bb-4621-9dbd-4f20f2c71f10 payload=com.moises.messaging.dto.OrderRequest@217bbbd8
2026-08-11 23:26:59.035 [http-nio-auto-1-exec-5] INFO  com.moises.messaging.evidence - PUBLISHED topic=orders-topic idempotencyKey=volume-124-ca8e4cc0-bdb5-4f6c-bab9-ffafd5a382cc payload=com.moises.messaging.dto.OrderRequest@6aaa2ee9
2026-08-11 23:26:59.038 [main] INFO  com.moises.messaging.evidence - TEST_PUBLISHED idempotencyKey=volume-124-ca8e4cc0-bdb5-4f6c-bab9-ffafd5a382cc payload=com.moises.messaging.dto.OrderRequest@5edf4926
2026-08-11 23:26:59.048 [http-nio-auto-1-exec-6] INFO  com.moises.messaging.evidence - PUBLISHED topic=orders-topic idempotencyKey=volume-125-4ccca55c-7de7-4390-ab3c-799b97c23621 payload=com.moises.messaging.dto.OrderRequest@634d6a75
2026-08-11 23:26:59.051 [main] INFO  com.moises.messaging.evidence - TEST_PUBLISHED idempotencyKey=volume-125-4ccca55c-7de7-4390-ab3c-799b97c23621 payload=com.moises.messaging.dto.OrderRequest@2a6f606a
2026-08-11 23:26:59.062 [http-nio-auto-1-exec-7] INFO  com.moises.messaging.evidence - PUBLISHED topic=orders-topic idempotencyKey=volume-126-88e793a2-60ab-471d-8960-5cb425428512 payload=com.moises.messaging.dto.OrderRequest@59e4a8a8
2026-08-11 23:26:59.066 [main] INFO  com.moises.messaging.evidence - TEST_PUBLISHED idempotencyKey=volume-126-88e793a2-60ab-471d-8960-5cb425428512 payload=com.moises.messaging.dto.OrderRequest@4a6b3436
2026-08-11 23:26:59.074 [http-nio-auto-1-exec-8] INFO  com.moises.messaging.evidence - PUBLISHED topic=orders-topic idempotencyKey=volume-127-f983f3c0-c6a3-40b4-89ae-561f8a32753e payload=com.moises.messaging.dto.OrderRequest@1804ed5c
2026-08-11 23:26:59.079 [main] INFO  com.moises.messaging.evidence - TEST_PUBLISHED idempotencyKey=volume-127-f983f3c0-c6a3-40b4-89ae-561f8a32753e payload=com.moises.messaging.dto.OrderRequest@36b2f3d8
2026-08-11 23:26:59.085 [http-nio-auto-1-exec-9] INFO  com.moises.messaging.evidence - PUBLISHED topic=orders-topic idempotencyKey=volume-128-4dca29f4-083a-4112-af9d-fd38dcb32c9d payload=com.moises.messaging.dto.OrderRequest@48865ae7
2026-08-11 23:26:59.087 [main] INFO  com.moises.messaging.evidence - TEST_PUBLISHED idempotencyKey=volume-128-4dca29f4-083a-4112-af9d-fd38dcb32c9d payload=com.moises.messaging.dto.OrderRequest@12800a51
2026-08-11 23:26:59.097 [http-nio-auto-1-exec-10] INFO  com.moises.messaging.evidence - PUBLISHED topic=orders-topic idempotencyKey=volume-129-2e6f4368-8b01-4a7d-9b9b-de6fc41a50d8 payload=com.moises.messaging.dto.OrderRequest@2e464457
2026-08-11 23:26:59.098 [main] INFO  com.moises.messaging.evidence - TEST_PUBLISHED idempotencyKey=volume-129-2e6f4368-8b01-4a7d-9b9b-de6fc41a50d8 payload=com.moises.messaging.dto.OrderRequest@433d545b
2026-08-11 23:26:59.105 [http-nio-auto-1-exec-1] INFO  com.moises.messaging.evidence - PUBLISHED topic=orders-topic idempotencyKey=volume-130-3d697ca1-6d53-4f31-b217-461103210d7b payload=com.moises.messaging.dto.OrderRequest@61d6c41e
2026-08-11 23:26:59.107 [main] INFO  com.moises.messaging.evidence - TEST_PUBLISHED idempotencyKey=volume-130-3d697ca1-6d53-4f31-b217-461103210d7b payload=com.moises.messaging.dto.OrderRequest@5064028e
2026-08-11 23:26:59.114 [http-nio-auto-1-exec-3] INFO  com.moises.messaging.evidence - PUBLISHED topic=orders-topic idempotencyKey=volume-131-092acc62-e983-459d-8306-544fcc8b12b5 payload=com.moises.messaging.dto.OrderRequest@23ca1de8
2026-08-11 23:26:59.116 [main] INFO  com.moises.messaging.evidence - TEST_PUBLISHED idempotencyKey=volume-131-092acc62-e983-459d-8306-544fcc8b12b5 payload=com.moises.messaging.dto.OrderRequest@71691769
2026-08-11 23:26:59.128 [http-nio-auto-1-exec-2] INFO  com.moises.messaging.evidence - PUBLISHED topic=orders-topic idempotencyKey=volume-132-0984add9-ba6c-4ba9-9bb2-3bfa6689368a payload=com.moises.messaging.dto.OrderRequest@3a01a105
2026-08-11 23:26:59.130 [main] INFO  com.moises.messaging.evidence - TEST_PUBLISHED idempotencyKey=volume-132-0984add9-ba6c-4ba9-9bb2-3bfa6689368a payload=com.moises.messaging.dto.OrderRequest@63a94997
2026-08-11 23:26:59.144 [http-nio-auto-1-exec-4] INFO  com.moises.messaging.evidence - PUBLISHED topic=orders-topic idempotencyKey=volume-133-93d773b4-0276-4327-bee3-dc665da75508 payload=com.moises.messaging.dto.OrderRequest@b71bc2a
2026-08-11 23:26:59.148 [main] INFO  com.moises.messaging.evidence - TEST_PUBLISHED idempotencyKey=volume-133-93d773b4-0276-4327-bee3-dc665da75508 payload=com.moises.messaging.dto.OrderRequest@4a1f5635
2026-08-11 23:26:59.160 [http-nio-auto-1-exec-5] INFO  com.moises.messaging.evidence - PUBLISHED topic=orders-topic idempotencyKey=volume-134-39bd84b1-f461-4cef-9c36-fe517377ff11 payload=com.moises.messaging.dto.OrderRequest@34a461b7
2026-08-11 23:26:59.164 [main] INFO  com.moises.messaging.evidence - TEST_PUBLISHED idempotencyKey=volume-134-39bd84b1-f461-4cef-9c36-fe517377ff11 payload=com.moises.messaging.dto.OrderRequest@3a1f5d8a
2026-08-11 23:26:59.174 [http-nio-auto-1-exec-6] INFO  com.moises.messaging.evidence - PUBLISHED topic=orders-topic idempotencyKey=volume-135-48ceb89e-2570-4a6d-8665-31f7564ea9bd payload=com.moises.messaging.dto.OrderRequest@43a7952c
2026-08-11 23:26:59.176 [main] INFO  com.moises.messaging.evidence - TEST_PUBLISHED idempotencyKey=volume-135-48ceb89e-2570-4a6d-8665-31f7564ea9bd payload=com.moises.messaging.dto.OrderRequest@3f4d7ff
2026-08-11 23:26:59.189 [http-nio-auto-1-exec-7] INFO  com.moises.messaging.evidence - PUBLISHED topic=orders-topic idempotencyKey=volume-136-2f0579ac-08ab-42d1-938f-6278c5ff763a payload=com.moises.messaging.dto.OrderRequest@6d855b8b
2026-08-11 23:26:59.195 [main] INFO  com.moises.messaging.evidence - TEST_PUBLISHED idempotencyKey=volume-136-2f0579ac-08ab-42d1-938f-6278c5ff763a payload=com.moises.messaging.dto.OrderRequest@2a38c3e7
2026-08-11 23:26:59.205 [http-nio-auto-1-exec-8] INFO  com.moises.messaging.evidence - PUBLISHED topic=orders-topic idempotencyKey=volume-137-6a195503-549a-4b71-bbc9-77d4bb8d4823 payload=com.moises.messaging.dto.OrderRequest@165dbb37
2026-08-11 23:26:59.207 [main] INFO  com.moises.messaging.evidence - TEST_PUBLISHED idempotencyKey=volume-137-6a195503-549a-4b71-bbc9-77d4bb8d4823 payload=com.moises.messaging.dto.OrderRequest@1a26966b
2026-08-11 23:26:59.231 [http-nio-auto-1-exec-9] INFO  com.moises.messaging.evidence - PUBLISHED topic=orders-topic idempotencyKey=volume-138-875607c4-8f53-4a3a-8afb-413a503e7b56 payload=com.moises.messaging.dto.OrderRequest@2923803b
2026-08-11 23:26:59.232 [main] INFO  com.moises.messaging.evidence - TEST_PUBLISHED idempotencyKey=volume-138-875607c4-8f53-4a3a-8afb-413a503e7b56 payload=com.moises.messaging.dto.OrderRequest@5a157ba8
2026-08-11 23:26:59.250 [http-nio-auto-1-exec-10] INFO  com.moises.messaging.evidence - PUBLISHED topic=orders-topic idempotencyKey=volume-139-5644d1e7-b6ac-46d2-b4be-316e82bf4efc payload=com.moises.messaging.dto.OrderRequest@10e4893f
2026-08-11 23:26:59.252 [main] INFO  com.moises.messaging.evidence - TEST_PUBLISHED idempotencyKey=volume-139-5644d1e7-b6ac-46d2-b4be-316e82bf4efc payload=com.moises.messaging.dto.OrderRequest@7ffb143a
2026-08-11 23:26:59.267 [http-nio-auto-1-exec-1] INFO  com.moises.messaging.evidence - PUBLISHED topic=orders-topic idempotencyKey=volume-140-9e24bb77-2f36-4116-ae82-6fff2906b150 payload=com.moises.messaging.dto.OrderRequest@35ba47d1
2026-08-11 23:26:59.270 [main] INFO  com.moises.messaging.evidence - TEST_PUBLISHED idempotencyKey=volume-140-9e24bb77-2f36-4116-ae82-6fff2906b150 payload=com.moises.messaging.dto.OrderRequest@1330d7d9
2026-08-11 23:26:59.282 [http-nio-auto-1-exec-3] INFO  com.moises.messaging.evidence - PUBLISHED topic=orders-topic idempotencyKey=volume-141-765b8cbd-ef78-4530-a1d1-2fa55eafaa63 payload=com.moises.messaging.dto.OrderRequest@6fb77644
2026-08-11 23:26:59.286 [main] INFO  com.moises.messaging.evidence - TEST_PUBLISHED idempotencyKey=volume-141-765b8cbd-ef78-4530-a1d1-2fa55eafaa63 payload=com.moises.messaging.dto.OrderRequest@3d0b8e1a
2026-08-11 23:26:59.297 [http-nio-auto-1-exec-2] INFO  com.moises.messaging.evidence - PUBLISHED topic=orders-topic idempotencyKey=volume-142-2985ed65-c0aa-44cb-8d21-e6ada3800f22 payload=com.moises.messaging.dto.OrderRequest@69ca2fb
2026-08-11 23:26:59.299 [main] INFO  com.moises.messaging.evidence - TEST_PUBLISHED idempotencyKey=volume-142-2985ed65-c0aa-44cb-8d21-e6ada3800f22 payload=com.moises.messaging.dto.OrderRequest@4c326a28
2026-08-11 23:26:59.314 [http-nio-auto-1-exec-4] INFO  com.moises.messaging.evidence - PUBLISHED topic=orders-topic idempotencyKey=volume-143-1ce961eb-9206-4858-afe5-1d3cc13e7f15 payload=com.moises.messaging.dto.OrderRequest@304c841a
2026-08-11 23:26:59.316 [main] INFO  com.moises.messaging.evidence - TEST_PUBLISHED idempotencyKey=volume-143-1ce961eb-9206-4858-afe5-1d3cc13e7f15 payload=com.moises.messaging.dto.OrderRequest@6b4ffd50
2026-08-11 23:26:59.328 [http-nio-auto-1-exec-5] INFO  com.moises.messaging.evidence - PUBLISHED topic=orders-topic idempotencyKey=volume-144-3e2d00a2-e254-42a4-affe-3b8c89c65d51 payload=com.moises.messaging.dto.OrderRequest@548fffc5
2026-08-11 23:26:59.330 [main] INFO  com.moises.messaging.evidence - TEST_PUBLISHED idempotencyKey=volume-144-3e2d00a2-e254-42a4-affe-3b8c89c65d51 payload=com.moises.messaging.dto.OrderRequest@7e5461ff
2026-08-11 23:26:59.343 [http-nio-auto-1-exec-6] INFO  com.moises.messaging.evidence - PUBLISHED topic=orders-topic idempotencyKey=volume-145-36def142-6cd4-4590-9249-353ffdb4832f payload=com.moises.messaging.dto.OrderRequest@2f256b65
2026-08-11 23:26:59.345 [main] INFO  com.moises.messaging.evidence - TEST_PUBLISHED idempotencyKey=volume-145-36def142-6cd4-4590-9249-353ffdb4832f payload=com.moises.messaging.dto.OrderRequest@1fce5b71
2026-08-11 23:26:59.358 [http-nio-auto-1-exec-7] INFO  com.moises.messaging.evidence - PUBLISHED topic=orders-topic idempotencyKey=volume-146-89f19589-4ab6-4fb3-bb4a-e1db78675b54 payload=com.moises.messaging.dto.OrderRequest@4691f39c
2026-08-11 23:26:59.360 [main] INFO  com.moises.messaging.evidence - TEST_PUBLISHED idempotencyKey=volume-146-89f19589-4ab6-4fb3-bb4a-e1db78675b54 payload=com.moises.messaging.dto.OrderRequest@4072118a
2026-08-11 23:26:59.373 [http-nio-auto-1-exec-8] INFO  com.moises.messaging.evidence - PUBLISHED topic=orders-topic idempotencyKey=volume-147-4e39c793-3192-4087-b9b5-bbf629825183 payload=com.moises.messaging.dto.OrderRequest@16aa0a39
2026-08-11 23:26:59.374 [main] INFO  com.moises.messaging.evidence - TEST_PUBLISHED idempotencyKey=volume-147-4e39c793-3192-4087-b9b5-bbf629825183 payload=com.moises.messaging.dto.OrderRequest@54c3d1a9
2026-08-11 23:26:59.388 [http-nio-auto-1-exec-9] INFO  com.moises.messaging.evidence - PUBLISHED topic=orders-topic idempotencyKey=volume-148-448e40a5-2a96-4b93-a5dd-b904031c4201 payload=com.moises.messaging.dto.OrderRequest@3b1c1cf4
2026-08-11 23:26:59.391 [main] INFO  com.moises.messaging.evidence - TEST_PUBLISHED idempotencyKey=volume-148-448e40a5-2a96-4b93-a5dd-b904031c4201 payload=com.moises.messaging.dto.OrderRequest@9c50957
2026-08-11 23:26:59.405 [http-nio-auto-1-exec-10] INFO  com.moises.messaging.evidence - PUBLISHED topic=orders-topic idempotencyKey=volume-149-00e12c03-ec6e-49cf-b4a4-ee17418a2582 payload=com.moises.messaging.dto.OrderRequest@46e5f13b
2026-08-11 23:26:59.407 [main] INFO  com.moises.messaging.evidence - TEST_PUBLISHED idempotencyKey=volume-149-00e12c03-ec6e-49cf-b4a4-ee17418a2582 payload=com.moises.messaging.dto.OrderRequest@64bddecd
2026-08-11 23:26:59.420 [http-nio-auto-1-exec-1] INFO  com.moises.messaging.evidence - PUBLISHED topic=orders-topic idempotencyKey=volume-150-cc778a68-37b3-4bd5-a9f0-e21de405fc30 payload=com.moises.messaging.dto.OrderRequest@31e57a2a
2026-08-11 23:26:59.423 [main] INFO  com.moises.messaging.evidence - TEST_PUBLISHED idempotencyKey=volume-150-cc778a68-37b3-4bd5-a9f0-e21de405fc30 payload=com.moises.messaging.dto.OrderRequest@34137d91
2026-08-11 23:26:59.430 [http-nio-auto-1-exec-3] INFO  com.moises.messaging.evidence - PUBLISHED topic=orders-topic idempotencyKey=volume-151-176c0dd0-6d6f-41d9-abe6-dfeb2ad55b2a payload=com.moises.messaging.dto.OrderRequest@51ee3049
2026-08-11 23:26:59.432 [main] INFO  com.moises.messaging.evidence - TEST_PUBLISHED idempotencyKey=volume-151-176c0dd0-6d6f-41d9-abe6-dfeb2ad55b2a payload=com.moises.messaging.dto.OrderRequest@7e97bc23
2026-08-11 23:26:59.450 [http-nio-auto-1-exec-2] INFO  com.moises.messaging.evidence - PUBLISHED topic=orders-topic idempotencyKey=volume-152-f4e4fdb1-791d-4d50-a4cd-fc3b30cdecfb payload=com.moises.messaging.dto.OrderRequest@4dc9347b
2026-08-11 23:26:59.452 [main] INFO  com.moises.messaging.evidence - TEST_PUBLISHED idempotencyKey=volume-152-f4e4fdb1-791d-4d50-a4cd-fc3b30cdecfb payload=com.moises.messaging.dto.OrderRequest@5fb98d17
2026-08-11 23:26:59.466 [http-nio-auto-1-exec-4] INFO  com.moises.messaging.evidence - PUBLISHED topic=orders-topic idempotencyKey=volume-153-5781f340-9a73-4138-9b0e-1ef3c8bdd977 payload=com.moises.messaging.dto.OrderRequest@a404ffb
2026-08-11 23:26:59.468 [main] INFO  com.moises.messaging.evidence - TEST_PUBLISHED idempotencyKey=volume-153-5781f340-9a73-4138-9b0e-1ef3c8bdd977 payload=com.moises.messaging.dto.OrderRequest@55f86b9b
2026-08-11 23:26:59.481 [http-nio-auto-1-exec-5] INFO  com.moises.messaging.evidence - PUBLISHED topic=orders-topic idempotencyKey=volume-154-d3bfbbda-f7f8-4e37-85b6-318c1e919f02 payload=com.moises.messaging.dto.OrderRequest@53ac9366
2026-08-11 23:26:59.482 [main] INFO  com.moises.messaging.evidence - TEST_PUBLISHED idempotencyKey=volume-154-d3bfbbda-f7f8-4e37-85b6-318c1e919f02 payload=com.moises.messaging.dto.OrderRequest@7a287b40
2026-08-11 23:26:59.496 [http-nio-auto-1-exec-6] INFO  com.moises.messaging.evidence - PUBLISHED topic=orders-topic idempotencyKey=volume-155-cce237dd-5e7a-4ff7-8088-573a19fc5ba7 payload=com.moises.messaging.dto.OrderRequest@20bc5f7a
2026-08-11 23:26:59.498 [main] INFO  com.moises.messaging.evidence - TEST_PUBLISHED idempotencyKey=volume-155-cce237dd-5e7a-4ff7-8088-573a19fc5ba7 payload=com.moises.messaging.dto.OrderRequest@399db682
2026-08-11 23:26:59.512 [http-nio-auto-1-exec-7] INFO  com.moises.messaging.evidence - PUBLISHED topic=orders-topic idempotencyKey=volume-156-1938fb7a-20e2-4668-85ed-45af978c817e payload=com.moises.messaging.dto.OrderRequest@17c4da73
2026-08-11 23:26:59.514 [main] INFO  com.moises.messaging.evidence - TEST_PUBLISHED idempotencyKey=volume-156-1938fb7a-20e2-4668-85ed-45af978c817e payload=com.moises.messaging.dto.OrderRequest@2a5f5593
2026-08-11 23:26:59.528 [http-nio-auto-1-exec-8] INFO  com.moises.messaging.evidence - PUBLISHED topic=orders-topic idempotencyKey=volume-157-2331a19a-b8d1-4fc8-9a85-f1abaf008ca5 payload=com.moises.messaging.dto.OrderRequest@49abf44e
2026-08-11 23:26:59.530 [main] INFO  com.moises.messaging.evidence - TEST_PUBLISHED idempotencyKey=volume-157-2331a19a-b8d1-4fc8-9a85-f1abaf008ca5 payload=com.moises.messaging.dto.OrderRequest@3ced47f0
2026-08-11 23:26:59.542 [http-nio-auto-1-exec-9] INFO  com.moises.messaging.evidence - PUBLISHED topic=orders-topic idempotencyKey=volume-158-6077d6ab-70c0-4d4e-a28c-89840fc8321e payload=com.moises.messaging.dto.OrderRequest@3b35b327
2026-08-11 23:26:59.543 [main] INFO  com.moises.messaging.evidence - TEST_PUBLISHED idempotencyKey=volume-158-6077d6ab-70c0-4d4e-a28c-89840fc8321e payload=com.moises.messaging.dto.OrderRequest@5a6c956
2026-08-11 23:26:59.557 [http-nio-auto-1-exec-10] INFO  com.moises.messaging.evidence - PUBLISHED topic=orders-topic idempotencyKey=volume-159-f9b1a9d3-470b-48e9-a735-6c837add00b4 payload=com.moises.messaging.dto.OrderRequest@74f79fa5
2026-08-11 23:26:59.559 [main] INFO  com.moises.messaging.evidence - TEST_PUBLISHED idempotencyKey=volume-159-f9b1a9d3-470b-48e9-a735-6c837add00b4 payload=com.moises.messaging.dto.OrderRequest@515b56c6
2026-08-11 23:26:59.574 [http-nio-auto-1-exec-1] INFO  com.moises.messaging.evidence - PUBLISHED topic=orders-topic idempotencyKey=volume-160-9b363576-356d-44ed-9428-e39ed2c252ea payload=com.moises.messaging.dto.OrderRequest@725020ae
2026-08-11 23:26:59.576 [main] INFO  com.moises.messaging.evidence - TEST_PUBLISHED idempotencyKey=volume-160-9b363576-356d-44ed-9428-e39ed2c252ea payload=com.moises.messaging.dto.OrderRequest@17862b3
2026-08-11 23:26:59.590 [http-nio-auto-1-exec-3] INFO  com.moises.messaging.evidence - PUBLISHED topic=orders-topic idempotencyKey=volume-161-eed25322-f64a-4109-b0be-32df13acec4e payload=com.moises.messaging.dto.OrderRequest@5444115d
2026-08-11 23:26:59.591 [main] INFO  com.moises.messaging.evidence - TEST_PUBLISHED idempotencyKey=volume-161-eed25322-f64a-4109-b0be-32df13acec4e payload=com.moises.messaging.dto.OrderRequest@57fc67ab
2026-08-11 23:26:59.604 [http-nio-auto-1-exec-2] INFO  com.moises.messaging.evidence - PUBLISHED topic=orders-topic idempotencyKey=volume-162-1501075a-cbf3-49b8-be5e-5e8183c8497d payload=com.moises.messaging.dto.OrderRequest@4f20c32e
2026-08-11 23:26:59.605 [main] INFO  com.moises.messaging.evidence - TEST_PUBLISHED idempotencyKey=volume-162-1501075a-cbf3-49b8-be5e-5e8183c8497d payload=com.moises.messaging.dto.OrderRequest@64a3e87b
2026-08-11 23:26:59.620 [http-nio-auto-1-exec-4] INFO  com.moises.messaging.evidence - PUBLISHED topic=orders-topic idempotencyKey=volume-163-bde410b0-209c-418b-b1ef-054a34e8b719 payload=com.moises.messaging.dto.OrderRequest@165e16e0
2026-08-11 23:26:59.623 [main] INFO  com.moises.messaging.evidence - TEST_PUBLISHED idempotencyKey=volume-163-bde410b0-209c-418b-b1ef-054a34e8b719 payload=com.moises.messaging.dto.OrderRequest@6fc56f4f
2026-08-11 23:26:59.631 [http-nio-auto-1-exec-5] INFO  com.moises.messaging.evidence - PUBLISHED topic=orders-topic idempotencyKey=volume-164-cf3b7129-48c4-414f-80bc-18e7381a2f1d payload=com.moises.messaging.dto.OrderRequest@5df76402
2026-08-11 23:26:59.633 [main] INFO  com.moises.messaging.evidence - TEST_PUBLISHED idempotencyKey=volume-164-cf3b7129-48c4-414f-80bc-18e7381a2f1d payload=com.moises.messaging.dto.OrderRequest@2deae5fe
2026-08-11 23:26:59.651 [http-nio-auto-1-exec-6] INFO  com.moises.messaging.evidence - PUBLISHED topic=orders-topic idempotencyKey=volume-165-f64344ea-6aec-4659-bbe3-ded11657cb69 payload=com.moises.messaging.dto.OrderRequest@1ed6cc39
2026-08-11 23:26:59.653 [main] INFO  com.moises.messaging.evidence - TEST_PUBLISHED idempotencyKey=volume-165-f64344ea-6aec-4659-bbe3-ded11657cb69 payload=com.moises.messaging.dto.OrderRequest@191f0ed7
2026-08-11 23:26:59.666 [http-nio-auto-1-exec-7] INFO  com.moises.messaging.evidence - PUBLISHED topic=orders-topic idempotencyKey=volume-166-f9540003-7c64-419f-8b47-437c385e3ce1 payload=com.moises.messaging.dto.OrderRequest@1ff7a03
2026-08-11 23:26:59.668 [main] INFO  com.moises.messaging.evidence - TEST_PUBLISHED idempotencyKey=volume-166-f9540003-7c64-419f-8b47-437c385e3ce1 payload=com.moises.messaging.dto.OrderRequest@6284cdbf
2026-08-11 23:26:59.681 [http-nio-auto-1-exec-8] INFO  com.moises.messaging.evidence - PUBLISHED topic=orders-topic idempotencyKey=volume-167-5d62eb11-144c-4b17-b15f-1bd9a6720e91 payload=com.moises.messaging.dto.OrderRequest@7dfd1eeb
2026-08-11 23:26:59.683 [main] INFO  com.moises.messaging.evidence - TEST_PUBLISHED idempotencyKey=volume-167-5d62eb11-144c-4b17-b15f-1bd9a6720e91 payload=com.moises.messaging.dto.OrderRequest@26ff79b7
2026-08-11 23:26:59.696 [http-nio-auto-1-exec-9] INFO  com.moises.messaging.evidence - PUBLISHED topic=orders-topic idempotencyKey=volume-168-33a88a91-209b-460f-95a9-7d990e21c12b payload=com.moises.messaging.dto.OrderRequest@18e07939
2026-08-11 23:26:59.698 [main] INFO  com.moises.messaging.evidence - TEST_PUBLISHED idempotencyKey=volume-168-33a88a91-209b-460f-95a9-7d990e21c12b payload=com.moises.messaging.dto.OrderRequest@5cc0ad83
2026-08-11 23:26:59.712 [http-nio-auto-1-exec-10] INFO  com.moises.messaging.evidence - PUBLISHED topic=orders-topic idempotencyKey=volume-169-9b14d8c6-8538-40e8-84b1-5d0d9ba0f066 payload=com.moises.messaging.dto.OrderRequest@2cc83da9
2026-08-11 23:26:59.714 [main] INFO  com.moises.messaging.evidence - TEST_PUBLISHED idempotencyKey=volume-169-9b14d8c6-8538-40e8-84b1-5d0d9ba0f066 payload=com.moises.messaging.dto.OrderRequest@3dc8697a
2026-08-11 23:26:59.728 [http-nio-auto-1-exec-1] INFO  com.moises.messaging.evidence - PUBLISHED topic=orders-topic idempotencyKey=volume-170-db07f931-0196-42df-a5fc-95c334282c4e payload=com.moises.messaging.dto.OrderRequest@2bdf2066
2026-08-11 23:26:59.729 [main] INFO  com.moises.messaging.evidence - TEST_PUBLISHED idempotencyKey=volume-170-db07f931-0196-42df-a5fc-95c334282c4e payload=com.moises.messaging.dto.OrderRequest@79e5a249
2026-08-11 23:26:59.742 [http-nio-auto-1-exec-3] INFO  com.moises.messaging.evidence - PUBLISHED topic=orders-topic idempotencyKey=volume-171-a7a37a2c-cb30-4fc0-b0cf-01095092ac8e payload=com.moises.messaging.dto.OrderRequest@1435d054
2026-08-11 23:26:59.745 [main] INFO  com.moises.messaging.evidence - TEST_PUBLISHED idempotencyKey=volume-171-a7a37a2c-cb30-4fc0-b0cf-01095092ac8e payload=com.moises.messaging.dto.OrderRequest@240a5e03
2026-08-11 23:26:59.758 [http-nio-auto-1-exec-2] INFO  com.moises.messaging.evidence - PUBLISHED topic=orders-topic idempotencyKey=volume-172-39c53e8d-cb43-4568-a169-0594c316d55a payload=com.moises.messaging.dto.OrderRequest@ca3849e
2026-08-11 23:26:59.759 [main] INFO  com.moises.messaging.evidence - TEST_PUBLISHED idempotencyKey=volume-172-39c53e8d-cb43-4568-a169-0594c316d55a payload=com.moises.messaging.dto.OrderRequest@7d7f53b4
2026-08-11 23:26:59.773 [http-nio-auto-1-exec-4] INFO  com.moises.messaging.evidence - PUBLISHED topic=orders-topic idempotencyKey=volume-173-f578913e-a352-4828-a61c-9426b93d82f4 payload=com.moises.messaging.dto.OrderRequest@2397e01e
2026-08-11 23:26:59.775 [main] INFO  com.moises.messaging.evidence - TEST_PUBLISHED idempotencyKey=volume-173-f578913e-a352-4828-a61c-9426b93d82f4 payload=com.moises.messaging.dto.OrderRequest@30266d8
2026-08-11 23:26:59.788 [http-nio-auto-1-exec-5] INFO  com.moises.messaging.evidence - PUBLISHED topic=orders-topic idempotencyKey=volume-174-9c187fc2-cdba-4a37-baf4-86fa9a2ffa01 payload=com.moises.messaging.dto.OrderRequest@396a1f85
2026-08-11 23:26:59.793 [main] INFO  com.moises.messaging.evidence - TEST_PUBLISHED idempotencyKey=volume-174-9c187fc2-cdba-4a37-baf4-86fa9a2ffa01 payload=com.moises.messaging.dto.OrderRequest@57a16b1b
2026-08-11 23:26:59.805 [http-nio-auto-1-exec-6] INFO  com.moises.messaging.evidence - PUBLISHED topic=orders-topic idempotencyKey=volume-175-b6a1f64e-f2cb-4295-8b92-0d210f853e93 payload=com.moises.messaging.dto.OrderRequest@6e564aa9
2026-08-11 23:26:59.807 [main] INFO  com.moises.messaging.evidence - TEST_PUBLISHED idempotencyKey=volume-175-b6a1f64e-f2cb-4295-8b92-0d210f853e93 payload=com.moises.messaging.dto.OrderRequest@21adcdaa
2026-08-11 23:26:59.820 [http-nio-auto-1-exec-7] INFO  com.moises.messaging.evidence - PUBLISHED topic=orders-topic idempotencyKey=volume-176-ef4c07a0-9de6-4dc6-9439-8f0789d164f8 payload=com.moises.messaging.dto.OrderRequest@34d03859
2026-08-11 23:26:59.822 [main] INFO  com.moises.messaging.evidence - TEST_PUBLISHED idempotencyKey=volume-176-ef4c07a0-9de6-4dc6-9439-8f0789d164f8 payload=com.moises.messaging.dto.OrderRequest@26c8d8d8
2026-08-11 23:26:59.836 [http-nio-auto-1-exec-8] INFO  com.moises.messaging.evidence - PUBLISHED topic=orders-topic idempotencyKey=volume-177-6142c916-48da-4f9c-afb0-0cb61912dda5 payload=com.moises.messaging.dto.OrderRequest@7a8e8949
2026-08-11 23:26:59.838 [main] INFO  com.moises.messaging.evidence - TEST_PUBLISHED idempotencyKey=volume-177-6142c916-48da-4f9c-afb0-0cb61912dda5 payload=com.moises.messaging.dto.OrderRequest@366c5e7f
2026-08-11 23:26:59.850 [http-nio-auto-1-exec-9] INFO  com.moises.messaging.evidence - PUBLISHED topic=orders-topic idempotencyKey=volume-178-82263cde-2f30-402f-bfb1-77cd7727be9a payload=com.moises.messaging.dto.OrderRequest@16a4f3d2
2026-08-11 23:26:59.852 [main] INFO  com.moises.messaging.evidence - TEST_PUBLISHED idempotencyKey=volume-178-82263cde-2f30-402f-bfb1-77cd7727be9a payload=com.moises.messaging.dto.OrderRequest@6a49121a
2026-08-11 23:26:59.866 [http-nio-auto-1-exec-10] INFO  com.moises.messaging.evidence - PUBLISHED topic=orders-topic idempotencyKey=volume-179-9f1bcb2c-db8a-4c01-b9b8-cfeb69864915 payload=com.moises.messaging.dto.OrderRequest@5609cce6
2026-08-11 23:26:59.868 [main] INFO  com.moises.messaging.evidence - TEST_PUBLISHED idempotencyKey=volume-179-9f1bcb2c-db8a-4c01-b9b8-cfeb69864915 payload=com.moises.messaging.dto.OrderRequest@25c65264
2026-08-11 23:26:59.882 [http-nio-auto-1-exec-1] INFO  com.moises.messaging.evidence - PUBLISHED topic=orders-topic idempotencyKey=volume-180-817e6a92-f15d-4652-9dba-72c6b934e929 payload=com.moises.messaging.dto.OrderRequest@568c1699
2026-08-11 23:26:59.883 [main] INFO  com.moises.messaging.evidence - TEST_PUBLISHED idempotencyKey=volume-180-817e6a92-f15d-4652-9dba-72c6b934e929 payload=com.moises.messaging.dto.OrderRequest@4528501c
2026-08-11 23:26:59.896 [http-nio-auto-1-exec-3] INFO  com.moises.messaging.evidence - PUBLISHED topic=orders-topic idempotencyKey=volume-181-b13c50b1-ca03-420e-9f36-44cd4123abaf payload=com.moises.messaging.dto.OrderRequest@4aa25fd2
2026-08-11 23:26:59.898 [main] INFO  com.moises.messaging.evidence - TEST_PUBLISHED idempotencyKey=volume-181-b13c50b1-ca03-420e-9f36-44cd4123abaf payload=com.moises.messaging.dto.OrderRequest@11e36160
2026-08-11 23:26:59.912 [http-nio-auto-1-exec-2] INFO  com.moises.messaging.evidence - PUBLISHED topic=orders-topic idempotencyKey=volume-182-ac113af6-4964-4125-9f86-ce57d3fce2d2 payload=com.moises.messaging.dto.OrderRequest@284f7501
2026-08-11 23:26:59.914 [main] INFO  com.moises.messaging.evidence - TEST_PUBLISHED idempotencyKey=volume-182-ac113af6-4964-4125-9f86-ce57d3fce2d2 payload=com.moises.messaging.dto.OrderRequest@33987884
2026-08-11 23:26:59.927 [http-nio-auto-1-exec-4] INFO  com.moises.messaging.evidence - PUBLISHED topic=orders-topic idempotencyKey=volume-183-a4042e25-771f-4748-ad1f-09ad80eefc88 payload=com.moises.messaging.dto.OrderRequest@36ba7658
2026-08-11 23:26:59.928 [main] INFO  com.moises.messaging.evidence - TEST_PUBLISHED idempotencyKey=volume-183-a4042e25-771f-4748-ad1f-09ad80eefc88 payload=com.moises.messaging.dto.OrderRequest@245a49e1
2026-08-11 23:26:59.941 [http-nio-auto-1-exec-5] INFO  com.moises.messaging.evidence - PUBLISHED topic=orders-topic idempotencyKey=volume-184-0abfd693-cc49-4e9d-be30-e513111319ff payload=com.moises.messaging.dto.OrderRequest@478890c8
2026-08-11 23:26:59.943 [main] INFO  com.moises.messaging.evidence - TEST_PUBLISHED idempotencyKey=volume-184-0abfd693-cc49-4e9d-be30-e513111319ff payload=com.moises.messaging.dto.OrderRequest@23f555c6
2026-08-11 23:26:59.956 [http-nio-auto-1-exec-6] INFO  com.moises.messaging.evidence - PUBLISHED topic=orders-topic idempotencyKey=volume-185-84a0da74-c205-40b9-b7c5-07ddca3a9c60 payload=com.moises.messaging.dto.OrderRequest@3b0a6ad4
2026-08-11 23:26:59.958 [main] INFO  com.moises.messaging.evidence - TEST_PUBLISHED idempotencyKey=volume-185-84a0da74-c205-40b9-b7c5-07ddca3a9c60 payload=com.moises.messaging.dto.OrderRequest@2917d8b9
2026-08-11 23:26:59.972 [http-nio-auto-1-exec-7] INFO  com.moises.messaging.evidence - PUBLISHED topic=orders-topic idempotencyKey=volume-186-cfedbe6f-8d57-44ff-8f84-16f784b31392 payload=com.moises.messaging.dto.OrderRequest@5dc1856e
2026-08-11 23:26:59.973 [main] INFO  com.moises.messaging.evidence - TEST_PUBLISHED idempotencyKey=volume-186-cfedbe6f-8d57-44ff-8f84-16f784b31392 payload=com.moises.messaging.dto.OrderRequest@593bd947
2026-08-11 23:26:59.989 [http-nio-auto-1-exec-8] INFO  com.moises.messaging.evidence - PUBLISHED topic=orders-topic idempotencyKey=volume-187-44dca93f-5d98-4984-8f2a-882de0505858 payload=com.moises.messaging.dto.OrderRequest@55e8e123
2026-08-11 23:26:59.990 [main] INFO  com.moises.messaging.evidence - TEST_PUBLISHED idempotencyKey=volume-187-44dca93f-5d98-4984-8f2a-882de0505858 payload=com.moises.messaging.dto.OrderRequest@2fd886c0
2026-08-11 23:27:00.004 [http-nio-auto-1-exec-9] INFO  com.moises.messaging.evidence - PUBLISHED topic=orders-topic idempotencyKey=volume-188-34f817e0-9702-4f5b-a419-631258fe0b44 payload=com.moises.messaging.dto.OrderRequest@4fa4edfb
2026-08-11 23:27:00.006 [main] INFO  com.moises.messaging.evidence - TEST_PUBLISHED idempotencyKey=volume-188-34f817e0-9702-4f5b-a419-631258fe0b44 payload=com.moises.messaging.dto.OrderRequest@260aad98
2026-08-11 23:27:00.019 [http-nio-auto-1-exec-10] INFO  com.moises.messaging.evidence - PUBLISHED topic=orders-topic idempotencyKey=volume-189-244857f9-b15c-498b-a387-b886bdd4ea9e payload=com.moises.messaging.dto.OrderRequest@1522b414
2026-08-11 23:27:00.021 [main] INFO  com.moises.messaging.evidence - TEST_PUBLISHED idempotencyKey=volume-189-244857f9-b15c-498b-a387-b886bdd4ea9e payload=com.moises.messaging.dto.OrderRequest@314f6bf0
2026-08-11 23:27:00.039 [http-nio-auto-1-exec-1] INFO  com.moises.messaging.evidence - PUBLISHED topic=orders-topic idempotencyKey=volume-190-15c7e3ee-e026-4ff1-9287-bf3ebee1904e payload=com.moises.messaging.dto.OrderRequest@3c0906de
2026-08-11 23:27:00.041 [main] INFO  com.moises.messaging.evidence - TEST_PUBLISHED idempotencyKey=volume-190-15c7e3ee-e026-4ff1-9287-bf3ebee1904e payload=com.moises.messaging.dto.OrderRequest@36396d7f
2026-08-11 23:27:00.053 [http-nio-auto-1-exec-3] INFO  com.moises.messaging.evidence - PUBLISHED topic=orders-topic idempotencyKey=volume-191-421f7d79-1409-4353-9c78-ceca69f6ec33 payload=com.moises.messaging.dto.OrderRequest@a3b7b5c
2026-08-11 23:27:00.056 [main] INFO  com.moises.messaging.evidence - TEST_PUBLISHED idempotencyKey=volume-191-421f7d79-1409-4353-9c78-ceca69f6ec33 payload=com.moises.messaging.dto.OrderRequest@5dbc03fe
2026-08-11 23:27:00.067 [http-nio-auto-1-exec-2] INFO  com.moises.messaging.evidence - PUBLISHED topic=orders-topic idempotencyKey=volume-192-a946830d-d11d-4870-9f72-33065aaa9d4f payload=com.moises.messaging.dto.OrderRequest@586ddcee
2026-08-11 23:27:00.068 [main] INFO  com.moises.messaging.evidence - TEST_PUBLISHED idempotencyKey=volume-192-a946830d-d11d-4870-9f72-33065aaa9d4f payload=com.moises.messaging.dto.OrderRequest@2ea903bc
2026-08-11 23:27:00.084 [http-nio-auto-1-exec-4] INFO  com.moises.messaging.evidence - PUBLISHED topic=orders-topic idempotencyKey=volume-193-602a6454-ba03-4267-b5b3-8c2b5f0d4d79 payload=com.moises.messaging.dto.OrderRequest@3d0c181
2026-08-11 23:27:00.086 [main] INFO  com.moises.messaging.evidence - TEST_PUBLISHED idempotencyKey=volume-193-602a6454-ba03-4267-b5b3-8c2b5f0d4d79 payload=com.moises.messaging.dto.OrderRequest@6473fd72
2026-08-11 23:27:00.099 [http-nio-auto-1-exec-5] INFO  com.moises.messaging.evidence - PUBLISHED topic=orders-topic idempotencyKey=volume-194-aeb5d8da-01cb-4bf9-a137-578ceb5099dd payload=com.moises.messaging.dto.OrderRequest@74936649
2026-08-11 23:27:00.101 [main] INFO  com.moises.messaging.evidence - TEST_PUBLISHED idempotencyKey=volume-194-aeb5d8da-01cb-4bf9-a137-578ceb5099dd payload=com.moises.messaging.dto.OrderRequest@19dc2616
2026-08-11 23:27:00.113 [http-nio-auto-1-exec-6] INFO  com.moises.messaging.evidence - PUBLISHED topic=orders-topic idempotencyKey=volume-195-7cb2303d-f9fb-4961-9bd1-c5818c1ca287 payload=com.moises.messaging.dto.OrderRequest@5788a795
2026-08-11 23:27:00.115 [main] INFO  com.moises.messaging.evidence - TEST_PUBLISHED idempotencyKey=volume-195-7cb2303d-f9fb-4961-9bd1-c5818c1ca287 payload=com.moises.messaging.dto.OrderRequest@24c27520
2026-08-11 23:27:00.132 [http-nio-auto-1-exec-7] INFO  com.moises.messaging.evidence - PUBLISHED topic=orders-topic idempotencyKey=volume-196-90ec6ddb-1d1d-4703-843c-1146226081e7 payload=com.moises.messaging.dto.OrderRequest@5e483489
2026-08-11 23:27:00.133 [main] INFO  com.moises.messaging.evidence - TEST_PUBLISHED idempotencyKey=volume-196-90ec6ddb-1d1d-4703-843c-1146226081e7 payload=com.moises.messaging.dto.OrderRequest@421036e7
2026-08-11 23:27:00.145 [http-nio-auto-1-exec-8] INFO  com.moises.messaging.evidence - PUBLISHED topic=orders-topic idempotencyKey=volume-197-9c9c9435-9ae3-43cf-bc5f-d304e43b36dd payload=com.moises.messaging.dto.OrderRequest@3f1fa03c
2026-08-11 23:27:00.147 [main] INFO  com.moises.messaging.evidence - TEST_PUBLISHED idempotencyKey=volume-197-9c9c9435-9ae3-43cf-bc5f-d304e43b36dd payload=com.moises.messaging.dto.OrderRequest@39f3dbba
2026-08-11 23:27:00.159 [http-nio-auto-1-exec-9] INFO  com.moises.messaging.evidence - PUBLISHED topic=orders-topic idempotencyKey=volume-198-e467356d-56be-4e52-a014-d01d1b26c760 payload=com.moises.messaging.dto.OrderRequest@864ab52
2026-08-11 23:27:00.161 [main] INFO  com.moises.messaging.evidence - TEST_PUBLISHED idempotencyKey=volume-198-e467356d-56be-4e52-a014-d01d1b26c760 payload=com.moises.messaging.dto.OrderRequest@41e7b604
2026-08-11 23:27:00.174 [http-nio-auto-1-exec-10] INFO  com.moises.messaging.evidence - PUBLISHED topic=orders-topic idempotencyKey=volume-199-99fe422e-d502-4073-8b0a-e8500905bec1 payload=com.moises.messaging.dto.OrderRequest@484bee0a
2026-08-11 23:27:00.175 [main] INFO  com.moises.messaging.evidence - TEST_PUBLISHED idempotencyKey=volume-199-99fe422e-d502-4073-8b0a-e8500905bec1 payload=com.moises.messaging.dto.OrderRequest@763ba06d
2026-08-11 23:27:00.176 [main] INFO  com.moises.messaging.evidence - TEST_BATCH_PUBLISHED total=200
2026-08-11 23:27:01.357 [org.springframework.kafka.KafkaListenerEndpointContainer#0-0-C-1] INFO  com.moises.messaging.evidence - PERSISTED idempotencyKey=volume-0-ca619ecb-4707-4bbb-aaae-8573c41bcc50 orderId=3c231dae-90ef-4eee-82d3-f236f9862076 status=RECEIVED
2026-08-11 23:27:01.447 [org.springframework.kafka.KafkaListenerEndpointContainer#0-0-C-1] INFO  com.moises.messaging.evidence - PERSISTED idempotencyKey=volume-1-75e759fa-dbe7-4b21-bd95-90c0ad3394bf orderId=29f2a809-f67e-4225-97e2-e2fba5b703bb status=RECEIVED
2026-08-11 23:27:01.468 [org.springframework.kafka.KafkaListenerEndpointContainer#0-0-C-1] INFO  com.moises.messaging.evidence - PERSISTED idempotencyKey=volume-2-b92dfed3-0fab-4e1e-aa3b-ea9684c57075 orderId=90aa95a9-c619-4289-87e7-29ca8bf41add status=RECEIVED
2026-08-11 23:27:01.489 [org.springframework.kafka.KafkaListenerEndpointContainer#0-0-C-1] INFO  com.moises.messaging.evidence - PERSISTED idempotencyKey=volume-3-44cca513-257e-406c-b91a-a1b9cf3a5c58 orderId=1ae5a78a-c73c-4305-97d7-c0c7dc7bafcb status=RECEIVED
2026-08-11 23:27:01.519 [org.springframework.kafka.KafkaListenerEndpointContainer#0-0-C-1] INFO  com.moises.messaging.evidence - PERSISTED idempotencyKey=volume-4-47cf5aea-daa2-46e9-b5ec-6ccda2e441ba orderId=0b74b9fa-684c-4f13-aace-5f5951ff2d54 status=RECEIVED
2026-08-11 23:27:01.537 [org.springframework.kafka.KafkaListenerEndpointContainer#0-0-C-1] INFO  com.moises.messaging.evidence - PERSISTED idempotencyKey=volume-5-4830db37-32c6-4a7a-b058-52c3ff53e91e orderId=14152b6e-482e-4003-a9e6-e0794f463838 status=RECEIVED
2026-08-11 23:27:01.552 [org.springframework.kafka.KafkaListenerEndpointContainer#0-0-C-1] INFO  com.moises.messaging.evidence - PERSISTED idempotencyKey=volume-6-caf75b55-25b0-491f-8fa7-3e60f151d51e orderId=1ae6c224-5cee-429e-8fd1-5c63a16d3b0d status=RECEIVED
2026-08-11 23:27:01.569 [org.springframework.kafka.KafkaListenerEndpointContainer#0-0-C-1] INFO  com.moises.messaging.evidence - PERSISTED idempotencyKey=volume-7-72197683-7f99-430b-a876-b2d1faac0517 orderId=f32c9569-c1d3-418b-8c02-31707a8a4fa2 status=RECEIVED
2026-08-11 23:27:01.583 [org.springframework.kafka.KafkaListenerEndpointContainer#0-0-C-1] INFO  com.moises.messaging.evidence - PERSISTED idempotencyKey=volume-8-bef9d792-8a64-4085-b4d7-682571599b8a orderId=a68ceb88-f256-448c-85df-5dbea418b9d8 status=RECEIVED
2026-08-11 23:27:01.597 [org.springframework.kafka.KafkaListenerEndpointContainer#0-0-C-1] INFO  com.moises.messaging.evidence - PERSISTED idempotencyKey=volume-9-03138760-6c50-46a8-9e90-d8c4637a64d2 orderId=6da0e3f6-ee02-498f-b0f8-9e33c1db5a3c status=RECEIVED
2026-08-11 23:27:01.609 [org.springframework.kafka.KafkaListenerEndpointContainer#0-0-C-1] INFO  com.moises.messaging.evidence - PERSISTED idempotencyKey=volume-10-67a458ca-7332-40e3-8712-a1b1a1de9c6b orderId=12ae4d27-a58c-4362-b3a1-f2c4d1041f9a status=RECEIVED
2026-08-11 23:27:01.624 [org.springframework.kafka.KafkaListenerEndpointContainer#0-0-C-1] INFO  com.moises.messaging.evidence - PERSISTED idempotencyKey=volume-11-cf9e715c-6bb5-4090-8de5-17c771de40ca orderId=d614e7ef-2b2c-4a2b-8d9b-985aba8d6dbf status=RECEIVED
2026-08-11 23:27:01.637 [org.springframework.kafka.KafkaListenerEndpointContainer#0-0-C-1] INFO  com.moises.messaging.evidence - PERSISTED idempotencyKey=volume-12-d1b822ea-b192-4e23-a1ef-b56caec016c3 orderId=27401711-e67a-47f8-a75e-ae0f97799781 status=RECEIVED
2026-08-11 23:27:01.653 [org.springframework.kafka.KafkaListenerEndpointContainer#0-0-C-1] INFO  com.moises.messaging.evidence - PERSISTED idempotencyKey=volume-13-043f7959-419d-4db5-96af-0a64bdfc3406 orderId=9a4e6258-53de-471f-975e-ea128a5aa9e9 status=RECEIVED
2026-08-11 23:27:01.672 [org.springframework.kafka.KafkaListenerEndpointContainer#0-0-C-1] INFO  com.moises.messaging.evidence - PERSISTED idempotencyKey=volume-14-7f2d2aac-9996-4ff0-8901-d403b2c7a22e orderId=7df6621f-2a03-4b6c-ae63-96364a33c1fb status=RECEIVED
2026-08-11 23:27:01.696 [org.springframework.kafka.KafkaListenerEndpointContainer#0-0-C-1] INFO  com.moises.messaging.evidence - PERSISTED idempotencyKey=volume-15-4abffa97-5e5c-4a31-9045-c3fecaecbd6d orderId=2ae283db-bd75-4b4c-83c5-deb4b4568420 status=RECEIVED
2026-08-11 23:27:01.711 [org.springframework.kafka.KafkaListenerEndpointContainer#0-0-C-1] INFO  com.moises.messaging.evidence - PERSISTED idempotencyKey=volume-16-448e28a4-f5ff-41ee-aa0c-3c792e554399 orderId=6f1898b2-4132-4be5-99be-ad38b4342bc1 status=RECEIVED
2026-08-11 23:27:01.724 [org.springframework.kafka.KafkaListenerEndpointContainer#0-0-C-1] INFO  com.moises.messaging.evidence - PERSISTED idempotencyKey=volume-17-2fe6486d-e6db-4a4b-8133-35f89b932da7 orderId=30d14e1f-411b-48fb-a2a8-422911da4376 status=RECEIVED
2026-08-11 23:27:01.739 [org.springframework.kafka.KafkaListenerEndpointContainer#0-0-C-1] INFO  com.moises.messaging.evidence - PERSISTED idempotencyKey=volume-18-2561afe5-39d5-4027-9eb7-37f49d22a9b0 orderId=4feca1c5-0867-4af0-9ff4-b6fac680c1c3 status=RECEIVED
2026-08-11 23:27:01.755 [org.springframework.kafka.KafkaListenerEndpointContainer#0-0-C-1] INFO  com.moises.messaging.evidence - PERSISTED idempotencyKey=volume-19-528ff9b8-8fa1-4809-a7f6-5265cb4de064 orderId=1a226e31-2d0c-426d-8d1b-703dc2aa402c status=RECEIVED
2026-08-11 23:27:01.765 [org.springframework.kafka.KafkaListenerEndpointContainer#0-0-C-1] INFO  com.moises.messaging.evidence - PERSISTED idempotencyKey=volume-20-09a5082b-205b-4f62-8c14-5f2daae678a7 orderId=4a15e440-4a89-41b7-8508-a6a02648d28b status=RECEIVED
2026-08-11 23:27:01.774 [org.springframework.kafka.KafkaListenerEndpointContainer#0-0-C-1] INFO  com.moises.messaging.evidence - PERSISTED idempotencyKey=volume-21-43ae2317-431d-4085-a4da-c2b7c4316b21 orderId=03fb3e03-eecf-44e0-856b-c4a00dfaec54 status=RECEIVED
2026-08-11 23:27:01.786 [org.springframework.kafka.KafkaListenerEndpointContainer#0-0-C-1] INFO  com.moises.messaging.evidence - PERSISTED idempotencyKey=volume-22-235e4b58-67a1-406f-b29d-1c9577caa43c orderId=6bcd6e4a-4bfa-4375-af0c-8ef866d9882c status=RECEIVED
2026-08-11 23:27:01.797 [org.springframework.kafka.KafkaListenerEndpointContainer#0-0-C-1] INFO  com.moises.messaging.evidence - PERSISTED idempotencyKey=volume-23-c1399083-160b-4921-96d7-007e98cc1bd5 orderId=352448a2-6041-4aa2-a6c2-03073920d8f3 status=RECEIVED
2026-08-11 23:27:01.808 [org.springframework.kafka.KafkaListenerEndpointContainer#0-0-C-1] INFO  com.moises.messaging.evidence - PERSISTED idempotencyKey=volume-24-1db1d1c9-0973-4884-8b8e-483c6214afc7 orderId=bdb06fcb-d2ae-4ac2-a572-511b66176dd0 status=RECEIVED
2026-08-11 23:27:01.817 [org.springframework.kafka.KafkaListenerEndpointContainer#0-0-C-1] INFO  com.moises.messaging.evidence - PERSISTED idempotencyKey=volume-25-9721c0b2-f70e-4e71-9205-17e8fa342189 orderId=fe492750-6f71-4370-8e75-6944d13d2dad status=RECEIVED
2026-08-11 23:27:01.829 [org.springframework.kafka.KafkaListenerEndpointContainer#0-0-C-1] INFO  com.moises.messaging.evidence - PERSISTED idempotencyKey=volume-26-884c4015-e511-4dd4-8726-d16aad543df6 orderId=68937275-3948-4543-8cd2-a6b7f9e5998b status=RECEIVED
2026-08-11 23:27:01.840 [org.springframework.kafka.KafkaListenerEndpointContainer#0-0-C-1] INFO  com.moises.messaging.evidence - PERSISTED idempotencyKey=volume-27-cfba62f3-e49f-42bc-a933-8f93de18c6d7 orderId=f4d3fb97-7528-49b5-8048-ea44b3b94119 status=RECEIVED
2026-08-11 23:27:01.854 [org.springframework.kafka.KafkaListenerEndpointContainer#0-0-C-1] INFO  com.moises.messaging.evidence - PERSISTED idempotencyKey=volume-28-9c5294f8-d969-40f8-8960-40a27ae8c316 orderId=f8285fa3-a41f-4178-b305-777f1a8af618 status=RECEIVED
2026-08-11 23:27:01.869 [org.springframework.kafka.KafkaListenerEndpointContainer#0-0-C-1] INFO  com.moises.messaging.evidence - PERSISTED idempotencyKey=volume-29-f5df99a0-f892-4de5-ac96-db9e8fe2c41c orderId=02f5afa0-3d68-4b1f-a77f-84a026aaf7d9 status=RECEIVED
2026-08-11 23:27:01.884 [org.springframework.kafka.KafkaListenerEndpointContainer#0-0-C-1] INFO  com.moises.messaging.evidence - PERSISTED idempotencyKey=volume-30-ec1cb087-2dc9-48fb-9008-c843f116ced3 orderId=fd2e794a-886a-4ed6-8be4-4589ca29aeac status=RECEIVED
2026-08-11 23:27:01.901 [org.springframework.kafka.KafkaListenerEndpointContainer#0-0-C-1] INFO  com.moises.messaging.evidence - PERSISTED idempotencyKey=volume-31-486ecade-f4c7-444c-a9c4-1232772e82da orderId=6c410c8c-2415-42be-a570-72b26e91f8fe status=RECEIVED
2026-08-11 23:27:01.915 [org.springframework.kafka.KafkaListenerEndpointContainer#0-0-C-1] INFO  com.moises.messaging.evidence - PERSISTED idempotencyKey=volume-32-a420420e-1539-431e-a91a-6ae696c5c163 orderId=a2c3083a-1a46-440e-ba4e-a11febb7618e status=RECEIVED
2026-08-11 23:27:01.933 [org.springframework.kafka.KafkaListenerEndpointContainer#0-0-C-1] INFO  com.moises.messaging.evidence - PERSISTED idempotencyKey=volume-33-1257591c-658e-4582-ab4d-5e510e414766 orderId=cd880fe9-2d11-40fa-95f0-bd17377e915f status=RECEIVED
2026-08-11 23:27:01.948 [org.springframework.kafka.KafkaListenerEndpointContainer#0-0-C-1] INFO  com.moises.messaging.evidence - PERSISTED idempotencyKey=volume-34-884dafad-8f76-4a33-a41c-bc3abb46f4c6 orderId=b9111fe0-40b5-4cb7-a7e4-54fb2b727a67 status=RECEIVED
2026-08-11 23:27:01.964 [org.springframework.kafka.KafkaListenerEndpointContainer#0-0-C-1] INFO  com.moises.messaging.evidence - PERSISTED idempotencyKey=volume-35-62a4cac2-c655-4361-9b1e-7521f82749e6 orderId=75b1f412-daed-49c7-abc5-6baf60625c85 status=RECEIVED
2026-08-11 23:27:01.974 [org.springframework.kafka.KafkaListenerEndpointContainer#0-0-C-1] INFO  com.moises.messaging.evidence - PERSISTED idempotencyKey=volume-36-4e3833e9-29fc-4a53-9889-0cb4289601de orderId=41c50c42-f5c4-45b9-a3f4-ef33c62662a6 status=RECEIVED
2026-08-11 23:27:01.985 [org.springframework.kafka.KafkaListenerEndpointContainer#0-0-C-1] INFO  com.moises.messaging.evidence - PERSISTED idempotencyKey=volume-37-fc3d0271-5de2-4c2c-b5a8-4c85375ef867 orderId=f0d13842-5c0f-4601-9cd5-786b432d3fd0 status=RECEIVED
2026-08-11 23:27:01.996 [org.springframework.kafka.KafkaListenerEndpointContainer#0-0-C-1] INFO  com.moises.messaging.evidence - PERSISTED idempotencyKey=volume-38-cae08be2-c1e4-433a-9d2c-fab79a459604 orderId=7870cf9f-2658-4a0c-9835-36cfcfe87887 status=RECEIVED
2026-08-11 23:27:02.006 [org.springframework.kafka.KafkaListenerEndpointContainer#0-0-C-1] INFO  com.moises.messaging.evidence - PERSISTED idempotencyKey=volume-39-b615dcbc-ab89-425b-834b-f91cd872ed05 orderId=c44ddb10-7c7e-4468-a6a7-bfd21b1691ac status=RECEIVED
2026-08-11 23:27:02.017 [org.springframework.kafka.KafkaListenerEndpointContainer#0-0-C-1] INFO  com.moises.messaging.evidence - PERSISTED idempotencyKey=volume-40-cfb5121e-019a-4d9e-b3db-b27ebd334b5f orderId=d2b6a858-0215-4987-ab90-4eecf6fae41f status=RECEIVED
2026-08-11 23:27:02.028 [org.springframework.kafka.KafkaListenerEndpointContainer#0-0-C-1] INFO  com.moises.messaging.evidence - PERSISTED idempotencyKey=volume-41-ee057472-28b1-4267-abda-6f6789d80bb6 orderId=e861c42e-ab05-431b-99d4-92dbbc010903 status=RECEIVED
2026-08-11 23:27:02.039 [org.springframework.kafka.KafkaListenerEndpointContainer#0-0-C-1] INFO  com.moises.messaging.evidence - PERSISTED idempotencyKey=volume-42-f1fb4015-0201-4114-a3cc-f5747d8a4b6b orderId=285a25ce-2265-438a-b15f-74b5b89249f9 status=RECEIVED
2026-08-11 23:27:02.051 [org.springframework.kafka.KafkaListenerEndpointContainer#0-0-C-1] INFO  com.moises.messaging.evidence - PERSISTED idempotencyKey=volume-43-8cfe1df8-89ff-4da0-8059-9e0c28863188 orderId=5a68f64a-3f2d-4431-a7c4-524dd9783274 status=RECEIVED
2026-08-11 23:27:02.068 [org.springframework.kafka.KafkaListenerEndpointContainer#0-0-C-1] INFO  com.moises.messaging.evidence - PERSISTED idempotencyKey=volume-44-4f7d38be-8d11-461c-9348-9aa59750345a orderId=0f7909a2-9c55-4dd5-8621-d8a455ad6c22 status=RECEIVED
2026-08-11 23:27:02.083 [org.springframework.kafka.KafkaListenerEndpointContainer#0-0-C-1] INFO  com.moises.messaging.evidence - PERSISTED idempotencyKey=volume-45-54f91595-a637-40e1-acb5-da01b9d500ef orderId=94bc3cf7-fa72-4b06-b257-d797ca2b6147 status=RECEIVED
2026-08-11 23:27:02.100 [org.springframework.kafka.KafkaListenerEndpointContainer#0-0-C-1] INFO  com.moises.messaging.evidence - PERSISTED idempotencyKey=volume-46-7ce9ab6c-5143-4e9e-8a44-fada65195686 orderId=e66bc3c8-1f33-44b7-a9d6-3336cdd72496 status=RECEIVED
2026-08-11 23:27:02.117 [org.springframework.kafka.KafkaListenerEndpointContainer#0-0-C-1] INFO  com.moises.messaging.evidence - PERSISTED idempotencyKey=volume-47-570f2123-85dd-46d3-a209-d1844cea8d55 orderId=b6d272fe-6594-44c4-850a-2e8ce95d5f34 status=RECEIVED
2026-08-11 23:27:02.139 [org.springframework.kafka.KafkaListenerEndpointContainer#0-0-C-1] INFO  com.moises.messaging.evidence - PERSISTED idempotencyKey=volume-48-0e583f06-de7e-48cd-8641-e7fc90ed6153 orderId=7d8249ee-78a7-4840-b0ce-97fb94321814 status=RECEIVED
2026-08-11 23:27:02.167 [org.springframework.kafka.KafkaListenerEndpointContainer#0-0-C-1] INFO  com.moises.messaging.evidence - PERSISTED idempotencyKey=volume-49-81e87528-adda-49f2-b20a-410c3d7ab81e orderId=c12cc280-0f2f-4a6b-a1dd-614fb6cbd6d7 status=RECEIVED
2026-08-11 23:27:02.180 [org.springframework.kafka.KafkaListenerEndpointContainer#0-0-C-1] INFO  com.moises.messaging.evidence - PERSISTED idempotencyKey=volume-50-f11a255a-1f56-400f-a967-30f069acb98b orderId=84304b22-aae6-44ee-a578-24228e728dad status=RECEIVED
2026-08-11 23:27:02.191 [org.springframework.kafka.KafkaListenerEndpointContainer#0-0-C-1] INFO  com.moises.messaging.evidence - PERSISTED idempotencyKey=volume-51-e4072654-2fe2-491c-a014-e56f2f1d36bd orderId=396ad2c6-8ca4-43a4-9f16-6ca269cac012 status=RECEIVED
2026-08-11 23:27:02.201 [org.springframework.kafka.KafkaListenerEndpointContainer#0-0-C-1] INFO  com.moises.messaging.evidence - PERSISTED idempotencyKey=volume-52-8b33261d-6c8d-46fb-9ced-b37969491eb1 orderId=80af3aea-69f6-46eb-9508-da9e2e5c7daf status=RECEIVED
2026-08-11 23:27:02.211 [org.springframework.kafka.KafkaListenerEndpointContainer#0-0-C-1] INFO  com.moises.messaging.evidence - PERSISTED idempotencyKey=volume-53-fcbcdd30-43bb-4ea0-8c35-ac606613327e orderId=5197d740-52e7-4b47-936b-94e34de30893 status=RECEIVED
2026-08-11 23:27:02.220 [org.springframework.kafka.KafkaListenerEndpointContainer#0-0-C-1] INFO  com.moises.messaging.evidence - PERSISTED idempotencyKey=volume-54-8ef10de1-34e2-4c65-87e5-b1c81aed90ed orderId=f9204b50-bb8e-4c3b-ae43-b6cd55de4f0f status=RECEIVED
2026-08-11 23:27:02.232 [org.springframework.kafka.KafkaListenerEndpointContainer#0-0-C-1] INFO  com.moises.messaging.evidence - PERSISTED idempotencyKey=volume-55-28bcce06-3a01-4ccb-968d-d8822cae9c03 orderId=985aa7f9-d409-4bbb-a110-49b67bb5b496 status=RECEIVED
2026-08-11 23:27:02.243 [org.springframework.kafka.KafkaListenerEndpointContainer#0-0-C-1] INFO  com.moises.messaging.evidence - PERSISTED idempotencyKey=volume-56-56ccb2d5-bd5e-4a44-bf81-0d7a51577a02 orderId=31078bfd-1691-46e0-acdf-bf2038211c51 status=RECEIVED
2026-08-11 23:27:02.255 [org.springframework.kafka.KafkaListenerEndpointContainer#0-0-C-1] INFO  com.moises.messaging.evidence - PERSISTED idempotencyKey=volume-57-b93f179e-337f-4b6d-bef3-a266c9789f69 orderId=6d33c699-9f79-4597-a23a-b0eced2bb301 status=RECEIVED
2026-08-11 23:27:02.277 [org.springframework.kafka.KafkaListenerEndpointContainer#0-0-C-1] INFO  com.moises.messaging.evidence - PERSISTED idempotencyKey=volume-58-b4d28560-7ad2-431b-a9c7-50a5da32520b orderId=a7856101-1b7e-4e31-9769-dce46b7e2f29 status=RECEIVED
2026-08-11 23:27:02.304 [org.springframework.kafka.KafkaListenerEndpointContainer#0-0-C-1] INFO  com.moises.messaging.evidence - PERSISTED idempotencyKey=volume-59-41bd3820-838a-497f-b340-5f47c3d20fca orderId=1ef98230-fdd1-4960-b3c0-7fd743900d45 status=RECEIVED
2026-08-11 23:27:02.331 [org.springframework.kafka.KafkaListenerEndpointContainer#0-0-C-1] INFO  com.moises.messaging.evidence - PERSISTED idempotencyKey=volume-60-3847c970-1105-4425-a50e-254e521629e2 orderId=de433bb3-d2ee-4862-852c-c4f85af76158 status=RECEIVED
2026-08-11 23:27:02.352 [org.springframework.kafka.KafkaListenerEndpointContainer#0-0-C-1] INFO  com.moises.messaging.evidence - PERSISTED idempotencyKey=volume-61-78e6f249-c034-4da1-b9ea-9474e13df952 orderId=998dec5a-17b4-46e1-b189-b5ae3d104787 status=RECEIVED
2026-08-11 23:27:02.372 [org.springframework.kafka.KafkaListenerEndpointContainer#0-0-C-1] INFO  com.moises.messaging.evidence - PERSISTED idempotencyKey=volume-62-c15f0e73-8420-401a-9901-ed456e8c3a9f orderId=50215035-e6e0-4503-af4e-773ee787472b status=RECEIVED
2026-08-11 23:27:02.386 [org.springframework.kafka.KafkaListenerEndpointContainer#0-0-C-1] INFO  com.moises.messaging.evidence - PERSISTED idempotencyKey=volume-63-06597ff4-131d-4bf3-878b-b6b7863c9c52 orderId=bd3f9c0b-ce65-488e-8648-7cabd3466236 status=RECEIVED
2026-08-11 23:27:02.399 [org.springframework.kafka.KafkaListenerEndpointContainer#0-0-C-1] INFO  com.moises.messaging.evidence - PERSISTED idempotencyKey=volume-64-063545c6-1b12-4b4d-9efa-1b68c5355c6c orderId=fcffb071-0728-4113-8a69-b300f6309c5f status=RECEIVED
2026-08-11 23:27:02.411 [org.springframework.kafka.KafkaListenerEndpointContainer#0-0-C-1] INFO  com.moises.messaging.evidence - PERSISTED idempotencyKey=volume-65-137c8a47-fa00-4e2d-939f-8cd749462ad7 orderId=1612dccd-b6cd-4114-bad2-3180162e5773 status=RECEIVED
2026-08-11 23:27:02.421 [org.springframework.kafka.KafkaListenerEndpointContainer#0-0-C-1] INFO  com.moises.messaging.evidence - PERSISTED idempotencyKey=volume-66-556ce4e4-5505-4a3a-8e8d-3c535067f2eb orderId=5f364b99-2231-4104-bef6-94b8039cc78e status=RECEIVED
2026-08-11 23:27:02.435 [org.springframework.kafka.KafkaListenerEndpointContainer#0-0-C-1] INFO  com.moises.messaging.evidence - PERSISTED idempotencyKey=volume-67-f2fb74f2-598d-4ebc-921a-8b2be0779646 orderId=6935a98e-fbe3-4d4e-b0b0-e952e9dce354 status=RECEIVED
2026-08-11 23:27:02.447 [org.springframework.kafka.KafkaListenerEndpointContainer#0-0-C-1] INFO  com.moises.messaging.evidence - PERSISTED idempotencyKey=volume-68-7c07af91-dc09-4185-811e-a5a5b43616df orderId=63edc2f1-1df1-4689-adb4-52fa5454a1a2 status=RECEIVED
2026-08-11 23:27:02.459 [org.springframework.kafka.KafkaListenerEndpointContainer#0-0-C-1] INFO  com.moises.messaging.evidence - PERSISTED idempotencyKey=volume-69-f306bce0-b6b6-4f83-9202-22001c55aca0 orderId=844cc93f-3a2a-44fc-b0b2-fee8d37f1aa7 status=RECEIVED
2026-08-11 23:27:02.481 [org.springframework.kafka.KafkaListenerEndpointContainer#0-0-C-1] INFO  com.moises.messaging.evidence - PERSISTED idempotencyKey=volume-70-b7095696-0e47-4c67-9e19-ba3487b1d6e3 orderId=0a1716a4-a206-40c3-a779-37a5e2a4791f status=RECEIVED
2026-08-11 23:27:02.499 [org.springframework.kafka.KafkaListenerEndpointContainer#0-0-C-1] INFO  com.moises.messaging.evidence - PERSISTED idempotencyKey=volume-71-a6651094-12a0-456e-9b5a-a25186ba7030 orderId=276c8b86-de39-442a-bb39-cfcc595594e8 status=RECEIVED
2026-08-11 23:27:02.519 [org.springframework.kafka.KafkaListenerEndpointContainer#0-0-C-1] INFO  com.moises.messaging.evidence - PERSISTED idempotencyKey=volume-72-bbd2847f-4fec-435d-abd6-fefa5197a0bc orderId=a01f7630-3c23-40de-bccd-a85006aa71d2 status=RECEIVED
2026-08-11 23:27:02.546 [org.springframework.kafka.KafkaListenerEndpointContainer#0-0-C-1] INFO  com.moises.messaging.evidence - PERSISTED idempotencyKey=volume-73-c2ca9119-fac6-4776-8325-43c8a1d38cb1 orderId=3403277a-5a54-4118-ac43-17ccddb25de4 status=RECEIVED
2026-08-11 23:27:02.565 [org.springframework.kafka.KafkaListenerEndpointContainer#0-0-C-1] INFO  com.moises.messaging.evidence - PERSISTED idempotencyKey=volume-74-66e7036a-a436-4bb3-b79d-092f0fb9f219 orderId=fcf5fe6f-ff5b-47ba-a967-9f7cf2abfef1 status=RECEIVED
2026-08-11 23:27:02.590 [org.springframework.kafka.KafkaListenerEndpointContainer#0-0-C-1] INFO  com.moises.messaging.evidence - PERSISTED idempotencyKey=volume-75-cb7106ac-8014-4720-a075-40b0be32c451 orderId=dc45bfba-ba1d-4658-8b60-5fb1dbe2d912 status=RECEIVED
2026-08-11 23:27:02.602 [org.springframework.kafka.KafkaListenerEndpointContainer#0-0-C-1] INFO  com.moises.messaging.evidence - PERSISTED idempotencyKey=volume-76-ee85cf85-baf6-432a-b5c6-1dbf41286199 orderId=7ef8ce08-d391-4609-a743-d283387e7a9c status=RECEIVED
2026-08-11 23:27:02.613 [org.springframework.kafka.KafkaListenerEndpointContainer#0-0-C-1] INFO  com.moises.messaging.evidence - PERSISTED idempotencyKey=volume-77-6a555e10-b437-41ba-a439-43bfcba21da6 orderId=16106b4e-dd95-4d49-9868-ddc248ee88b7 status=RECEIVED
2026-08-11 23:27:02.626 [org.springframework.kafka.KafkaListenerEndpointContainer#0-0-C-1] INFO  com.moises.messaging.evidence - PERSISTED idempotencyKey=volume-78-340921a7-0376-41b1-9ba0-8e971cbb14c0 orderId=3b8f33fb-ad50-415d-99f4-2a80054b6e0c status=RECEIVED
2026-08-11 23:27:02.652 [org.springframework.kafka.KafkaListenerEndpointContainer#0-0-C-1] INFO  com.moises.messaging.evidence - PERSISTED idempotencyKey=volume-79-e658f202-d735-4738-8dca-3ae5091abdf1 orderId=9bd4e689-3b73-440e-a3a7-d0d5aa748730 status=RECEIVED
2026-08-11 23:27:02.666 [org.springframework.kafka.KafkaListenerEndpointContainer#0-0-C-1] INFO  com.moises.messaging.evidence - PERSISTED idempotencyKey=volume-80-cef68f10-ffba-485d-8830-9e1787e4c6d8 orderId=c8de1406-6ece-4129-ab8e-4ca6714c31d5 status=RECEIVED
2026-08-11 23:27:02.686 [org.springframework.kafka.KafkaListenerEndpointContainer#0-0-C-1] INFO  com.moises.messaging.evidence - PERSISTED idempotencyKey=volume-81-41b4e014-8edf-4425-a03a-3e4b13039d67 orderId=1253e2ca-3e4f-472c-847b-a414b119c9c9 status=RECEIVED
2026-08-11 23:27:02.709 [org.springframework.kafka.KafkaListenerEndpointContainer#0-0-C-1] INFO  com.moises.messaging.evidence - PERSISTED idempotencyKey=volume-82-7716a6ee-82aa-471e-8460-d383d8e00f18 orderId=584e1a89-80c0-455c-83a9-4370a3b20c6f status=RECEIVED
2026-08-11 23:27:02.732 [org.springframework.kafka.KafkaListenerEndpointContainer#0-0-C-1] INFO  com.moises.messaging.evidence - PERSISTED idempotencyKey=volume-83-c7f84481-502f-464e-9839-c8ea69a4cc69 orderId=59ead1c3-c2cf-461c-9761-641d494af973 status=RECEIVED
2026-08-11 23:27:02.754 [org.springframework.kafka.KafkaListenerEndpointContainer#0-0-C-1] INFO  com.moises.messaging.evidence - PERSISTED idempotencyKey=volume-84-115cf3bb-4720-4edc-a1c2-6807389d5365 orderId=65e8d8c0-d7bf-457f-8997-aaca5795e3a3 status=RECEIVED
2026-08-11 23:27:02.779 [org.springframework.kafka.KafkaListenerEndpointContainer#0-0-C-1] INFO  com.moises.messaging.evidence - PERSISTED idempotencyKey=volume-85-da68fc2f-3f83-4443-854d-1086c6ed80ab orderId=36554278-d45d-45f7-9e58-9e18437727fb status=RECEIVED
2026-08-11 23:27:02.795 [org.springframework.kafka.KafkaListenerEndpointContainer#0-0-C-1] INFO  com.moises.messaging.evidence - PERSISTED idempotencyKey=volume-86-f6c55eca-ef71-4189-bb72-5f7c54691a5b orderId=f0f2fcf0-fa86-4dc6-92aa-ad8cfb87a1a0 status=RECEIVED
2026-08-11 23:27:02.810 [org.springframework.kafka.KafkaListenerEndpointContainer#0-0-C-1] INFO  com.moises.messaging.evidence - PERSISTED idempotencyKey=volume-87-eddc3074-ef94-4be2-94c2-417888b84429 orderId=efd67895-4acc-4ced-8cbf-dcb3420ebc98 status=RECEIVED
2026-08-11 23:27:02.824 [org.springframework.kafka.KafkaListenerEndpointContainer#0-0-C-1] INFO  com.moises.messaging.evidence - PERSISTED idempotencyKey=volume-88-b0339d49-d4e4-4415-8b3e-afdecfbe1d67 orderId=ab240d72-52df-49c0-b04a-7c8b2e02e8ae status=RECEIVED
2026-08-11 23:27:02.838 [org.springframework.kafka.KafkaListenerEndpointContainer#0-0-C-1] INFO  com.moises.messaging.evidence - PERSISTED idempotencyKey=volume-89-9f9ba693-f478-4a90-84de-b96425f9c5b7 orderId=175f477a-e7e1-40f9-a862-8fd5c3f6e77f status=RECEIVED
2026-08-11 23:27:02.851 [org.springframework.kafka.KafkaListenerEndpointContainer#0-0-C-1] INFO  com.moises.messaging.evidence - PERSISTED idempotencyKey=volume-90-e487998b-7f9e-4120-87c9-76844263e1ad orderId=7bb8aee5-6709-42ad-b326-faf7e8be4f0a status=RECEIVED
2026-08-11 23:27:02.866 [org.springframework.kafka.KafkaListenerEndpointContainer#0-0-C-1] INFO  com.moises.messaging.evidence - PERSISTED idempotencyKey=volume-91-4cd136f0-6c85-4fca-84ce-0a1b985c17c0 orderId=a2ff504f-dd66-40a6-aafa-4486f71ba9ed status=RECEIVED
2026-08-11 23:27:02.887 [org.springframework.kafka.KafkaListenerEndpointContainer#0-0-C-1] INFO  com.moises.messaging.evidence - PERSISTED idempotencyKey=volume-92-817527e5-66e9-4733-962d-c749b55e77c8 orderId=689cc9ed-dcc3-4799-b2a1-02c722285236 status=RECEIVED
2026-08-11 23:27:02.915 [org.springframework.kafka.KafkaListenerEndpointContainer#0-0-C-1] INFO  com.moises.messaging.evidence - PERSISTED idempotencyKey=volume-93-71c724eb-4315-44aa-a399-d06fb9e74846 orderId=d76d33c9-d1c3-41d3-bca9-0cc5818dc4a6 status=RECEIVED
2026-08-11 23:27:02.935 [org.springframework.kafka.KafkaListenerEndpointContainer#0-0-C-1] INFO  com.moises.messaging.evidence - PERSISTED idempotencyKey=volume-94-847f4f43-a7ed-4b52-ac5e-e0d951759311 orderId=927f0f7a-4366-49a7-b622-9bec8271fc2b status=RECEIVED
2026-08-11 23:27:02.968 [org.springframework.kafka.KafkaListenerEndpointContainer#0-0-C-1] INFO  com.moises.messaging.evidence - PERSISTED idempotencyKey=volume-95-0f69c6e6-b967-4145-afd6-98931bc95ab2 orderId=1dab1115-c759-413a-80e6-6b26df3eb422 status=RECEIVED
2026-08-11 23:27:02.995 [org.springframework.kafka.KafkaListenerEndpointContainer#0-0-C-1] INFO  com.moises.messaging.evidence - PERSISTED idempotencyKey=volume-96-3122d289-a6ca-4b22-9666-1a83cc94af7f orderId=a9f4151c-7826-4d8b-b73e-d4570e4a6075 status=RECEIVED
2026-08-11 23:27:03.016 [org.springframework.kafka.KafkaListenerEndpointContainer#0-0-C-1] INFO  com.moises.messaging.evidence - PERSISTED idempotencyKey=volume-97-d1084d21-cab0-42ff-b990-9f2c6e115bcc orderId=3899a351-7b97-40dc-811c-e3b6e5d80a69 status=RECEIVED
2026-08-11 23:27:03.033 [org.springframework.kafka.KafkaListenerEndpointContainer#0-0-C-1] INFO  com.moises.messaging.evidence - PERSISTED idempotencyKey=volume-98-3bb950a1-e108-44f9-83cc-4abca750897f orderId=478c0534-ba24-4406-ac4d-30b99881f726 status=RECEIVED
2026-08-11 23:27:03.047 [org.springframework.kafka.KafkaListenerEndpointContainer#0-0-C-1] INFO  com.moises.messaging.evidence - PERSISTED idempotencyKey=volume-99-7924d714-d0d3-49df-be39-96148a0484ee orderId=8f6e6b40-6a3b-4cee-b326-ba498eb6ea3f status=RECEIVED
2026-08-11 23:27:03.065 [org.springframework.kafka.KafkaListenerEndpointContainer#0-0-C-1] INFO  com.moises.messaging.evidence - PERSISTED idempotencyKey=volume-100-fa9684b4-be24-4806-9987-defdfc5fb388 orderId=0cffac33-ed99-49cb-a5d5-275d587e4a40 status=RECEIVED
2026-08-11 23:27:03.088 [org.springframework.kafka.KafkaListenerEndpointContainer#0-0-C-1] INFO  com.moises.messaging.evidence - PERSISTED idempotencyKey=volume-101-c1848b17-3b76-46a5-aa97-e072f6143202 orderId=877f08e9-ffff-4103-a2ea-bf9d767262b7 status=RECEIVED
2026-08-11 23:27:03.114 [org.springframework.kafka.KafkaListenerEndpointContainer#0-0-C-1] INFO  com.moises.messaging.evidence - PERSISTED idempotencyKey=volume-102-31c407f2-c3d0-4aa9-bfa6-1ca5c75eb412 orderId=e146d94a-01fe-4820-8ac8-95434406af9c status=RECEIVED
2026-08-11 23:27:03.134 [org.springframework.kafka.KafkaListenerEndpointContainer#0-0-C-1] INFO  com.moises.messaging.evidence - PERSISTED idempotencyKey=volume-103-c502dced-ef10-4ab3-889b-55dcb19b9ae0 orderId=5bfd3d51-4ea3-4f1a-9471-a34b0da02555 status=RECEIVED
2026-08-11 23:27:03.148 [org.springframework.kafka.KafkaListenerEndpointContainer#0-0-C-1] INFO  com.moises.messaging.evidence - PERSISTED idempotencyKey=volume-104-2810e564-b51c-43f6-9365-f52b6b277f4d orderId=dd298ed5-bc7a-408b-8e74-d3c2e8cd93fa status=RECEIVED
2026-08-11 23:27:03.165 [org.springframework.kafka.KafkaListenerEndpointContainer#0-0-C-1] INFO  com.moises.messaging.evidence - PERSISTED idempotencyKey=volume-105-19a0f02d-2271-4eb4-ba3c-de478ff8b7bd orderId=f32e66a5-4308-4c53-a28c-7f1cda07efe5 status=RECEIVED
2026-08-11 23:27:03.179 [org.springframework.kafka.KafkaListenerEndpointContainer#0-0-C-1] INFO  com.moises.messaging.evidence - PERSISTED idempotencyKey=volume-106-872f772c-48d4-4321-8e56-043dea2e0053 orderId=18d35b8e-7a9d-47f3-9a70-97647170d9c7 status=RECEIVED
2026-08-11 23:27:03.192 [org.springframework.kafka.KafkaListenerEndpointContainer#0-0-C-1] INFO  com.moises.messaging.evidence - PERSISTED idempotencyKey=volume-107-4c566cc5-571f-4625-8a96-10496e95f04f orderId=e3307111-6ff5-4f0f-91f3-10baebbde4a0 status=RECEIVED
2026-08-11 23:27:03.203 [org.springframework.kafka.KafkaListenerEndpointContainer#0-0-C-1] INFO  com.moises.messaging.evidence - PERSISTED idempotencyKey=volume-108-61084997-0bb5-43db-89f3-44494735f1f0 orderId=2f999ae3-0050-4728-9080-e6df989c5eb0 status=RECEIVED
2026-08-11 23:27:03.214 [org.springframework.kafka.KafkaListenerEndpointContainer#0-0-C-1] INFO  com.moises.messaging.evidence - PERSISTED idempotencyKey=volume-109-5655b360-1cf8-4245-9383-13622c686f2e orderId=bf9f5deb-77b6-46e9-a507-c1a708da17e6 status=RECEIVED
2026-08-11 23:27:03.223 [org.springframework.kafka.KafkaListenerEndpointContainer#0-0-C-1] INFO  com.moises.messaging.evidence - PERSISTED idempotencyKey=volume-110-6a68d8a3-a52c-4925-ad0f-23adeabb50b8 orderId=67f0d29b-ea04-42db-8338-296f3a511a25 status=RECEIVED
2026-08-11 23:27:03.232 [org.springframework.kafka.KafkaListenerEndpointContainer#0-0-C-1] INFO  com.moises.messaging.evidence - PERSISTED idempotencyKey=volume-111-f280a839-7a23-4e86-9b3a-3800de41f01d orderId=be75ba6f-4328-4d0d-8812-58664b0db194 status=RECEIVED
2026-08-11 23:27:03.244 [org.springframework.kafka.KafkaListenerEndpointContainer#0-0-C-1] INFO  com.moises.messaging.evidence - PERSISTED idempotencyKey=volume-112-88b54616-f644-4475-9c03-e355881a11bb orderId=4bcdd273-64fa-450f-8331-59af880f1763 status=RECEIVED
2026-08-11 23:27:03.255 [org.springframework.kafka.KafkaListenerEndpointContainer#0-0-C-1] INFO  com.moises.messaging.evidence - PERSISTED idempotencyKey=volume-113-36205359-aeb6-46e8-bd8e-0ee458cbaf67 orderId=fc83ca32-4ef0-474a-8128-f5850ed8830b status=RECEIVED
2026-08-11 23:27:03.264 [org.springframework.kafka.KafkaListenerEndpointContainer#0-0-C-1] INFO  com.moises.messaging.evidence - PERSISTED idempotencyKey=volume-114-9ac99dd3-2db9-4bbe-93da-1228e4eb1255 orderId=b82f0b5d-4e38-4f88-a71d-e5e886ac23bb status=RECEIVED
2026-08-11 23:27:03.276 [org.springframework.kafka.KafkaListenerEndpointContainer#0-0-C-1] INFO  com.moises.messaging.evidence - PERSISTED idempotencyKey=volume-115-909e48dc-e522-410b-a1ed-fa2a696e11c0 orderId=c0610ea1-6c8d-4e3b-b41a-8726040fa7be status=RECEIVED
2026-08-11 23:27:03.290 [org.springframework.kafka.KafkaListenerEndpointContainer#0-0-C-1] INFO  com.moises.messaging.evidence - PERSISTED idempotencyKey=volume-116-0f8ef912-cf88-4685-8610-baebe0699563 orderId=dc5b31ec-8561-4458-9cf4-a94b1e5d2c15 status=RECEIVED
2026-08-11 23:27:03.304 [org.springframework.kafka.KafkaListenerEndpointContainer#0-0-C-1] INFO  com.moises.messaging.evidence - PERSISTED idempotencyKey=volume-117-c258f251-78a5-4c11-99f5-ca18d9e8a4f5 orderId=c3870545-f5a8-4605-b3a9-5223fb1d1a87 status=RECEIVED
2026-08-11 23:27:03.319 [org.springframework.kafka.KafkaListenerEndpointContainer#0-0-C-1] INFO  com.moises.messaging.evidence - PERSISTED idempotencyKey=volume-118-bf3400e4-478a-46c7-b1e1-58b513293d35 orderId=f6243a60-b060-4e0d-9b3d-61907f1be2cb status=RECEIVED
2026-08-11 23:27:03.336 [org.springframework.kafka.KafkaListenerEndpointContainer#0-0-C-1] INFO  com.moises.messaging.evidence - PERSISTED idempotencyKey=volume-119-b3341905-1380-4aea-a342-2d4165f9c45b orderId=7f3a6b11-2d88-4c48-9d44-e50be6fe65e3 status=RECEIVED
2026-08-11 23:27:03.352 [org.springframework.kafka.KafkaListenerEndpointContainer#0-0-C-1] INFO  com.moises.messaging.evidence - PERSISTED idempotencyKey=volume-120-e9e1eb99-c028-48ab-a9e4-0f4fc6fc18b5 orderId=17e25271-138a-402e-baeb-d22bc3afc6c0 status=RECEIVED
2026-08-11 23:27:03.370 [org.springframework.kafka.KafkaListenerEndpointContainer#0-0-C-1] INFO  com.moises.messaging.evidence - PERSISTED idempotencyKey=volume-121-ca15738a-ee5c-49e0-81d5-6f4c87544b5c orderId=eda957bf-b170-434a-8d07-430070b3c494 status=RECEIVED
2026-08-11 23:27:03.386 [org.springframework.kafka.KafkaListenerEndpointContainer#0-0-C-1] INFO  com.moises.messaging.evidence - PERSISTED idempotencyKey=volume-122-5dbc3da1-a8e8-403e-9cc5-a236ed7dcce0 orderId=cb441dd3-3414-42d7-af98-00aee3bde6e9 status=RECEIVED
2026-08-11 23:27:03.398 [org.springframework.kafka.KafkaListenerEndpointContainer#0-0-C-1] INFO  com.moises.messaging.evidence - PERSISTED idempotencyKey=volume-123-167e677b-74bb-4621-9dbd-4f20f2c71f10 orderId=288ff33f-2718-4fef-ba13-b597f4b6047a status=RECEIVED
2026-08-11 23:27:03.410 [org.springframework.kafka.KafkaListenerEndpointContainer#0-0-C-1] INFO  com.moises.messaging.evidence - PERSISTED idempotencyKey=volume-124-ca8e4cc0-bdb5-4f6c-bab9-ffafd5a382cc orderId=37239a86-4d6c-4501-9501-237ec43d6b36 status=RECEIVED
2026-08-11 23:27:03.422 [org.springframework.kafka.KafkaListenerEndpointContainer#0-0-C-1] INFO  com.moises.messaging.evidence - PERSISTED idempotencyKey=volume-125-4ccca55c-7de7-4390-ab3c-799b97c23621 orderId=52854e0a-410c-4941-9276-40ea6b3a1a8d status=RECEIVED
2026-08-11 23:27:03.432 [org.springframework.kafka.KafkaListenerEndpointContainer#0-0-C-1] INFO  com.moises.messaging.evidence - PERSISTED idempotencyKey=volume-126-88e793a2-60ab-471d-8960-5cb425428512 orderId=7b8fa636-c520-4d40-afe7-bef7bb40da82 status=RECEIVED
2026-08-11 23:27:03.445 [org.springframework.kafka.KafkaListenerEndpointContainer#0-0-C-1] INFO  com.moises.messaging.evidence - PERSISTED idempotencyKey=volume-127-f983f3c0-c6a3-40b4-89ae-561f8a32753e orderId=368a829a-b2ca-47a4-bf46-961742c9cddb status=RECEIVED
2026-08-11 23:27:03.462 [org.springframework.kafka.KafkaListenerEndpointContainer#0-0-C-1] INFO  com.moises.messaging.evidence - PERSISTED idempotencyKey=volume-128-4dca29f4-083a-4112-af9d-fd38dcb32c9d orderId=0daf68b1-02aa-4a24-a6cd-1be797523ede status=RECEIVED
2026-08-11 23:27:03.474 [org.springframework.kafka.KafkaListenerEndpointContainer#0-0-C-1] INFO  com.moises.messaging.evidence - PERSISTED idempotencyKey=volume-129-2e6f4368-8b01-4a7d-9b9b-de6fc41a50d8 orderId=edb53463-c019-429d-9014-8735d8c800d9 status=RECEIVED
2026-08-11 23:27:03.490 [org.springframework.kafka.KafkaListenerEndpointContainer#0-0-C-1] INFO  com.moises.messaging.evidence - PERSISTED idempotencyKey=volume-130-3d697ca1-6d53-4f31-b217-461103210d7b orderId=0627eb41-0d74-4cdd-ba43-ac358aa4605e status=RECEIVED
2026-08-11 23:27:03.506 [org.springframework.kafka.KafkaListenerEndpointContainer#0-0-C-1] INFO  com.moises.messaging.evidence - PERSISTED idempotencyKey=volume-131-092acc62-e983-459d-8306-544fcc8b12b5 orderId=f24806fe-301c-4299-ab3d-e8396910ad5f status=RECEIVED
2026-08-11 23:27:03.522 [org.springframework.kafka.KafkaListenerEndpointContainer#0-0-C-1] INFO  com.moises.messaging.evidence - PERSISTED idempotencyKey=volume-132-0984add9-ba6c-4ba9-9bb2-3bfa6689368a orderId=f9fdc06b-fe7c-4f50-a022-5507293592b2 status=RECEIVED
2026-08-11 23:27:03.540 [org.springframework.kafka.KafkaListenerEndpointContainer#0-0-C-1] INFO  com.moises.messaging.evidence - PERSISTED idempotencyKey=volume-133-93d773b4-0276-4327-bee3-dc665da75508 orderId=c8bfc6ca-3405-433c-a19c-21af410890cb status=RECEIVED
2026-08-11 23:27:03.555 [org.springframework.kafka.KafkaListenerEndpointContainer#0-0-C-1] INFO  com.moises.messaging.evidence - PERSISTED idempotencyKey=volume-134-39bd84b1-f461-4cef-9c36-fe517377ff11 orderId=f06325a7-bc5e-412c-ba10-c33f0931c942 status=RECEIVED
2026-08-11 23:27:03.570 [org.springframework.kafka.KafkaListenerEndpointContainer#0-0-C-1] INFO  com.moises.messaging.evidence - PERSISTED idempotencyKey=volume-135-48ceb89e-2570-4a6d-8665-31f7564ea9bd orderId=da52f904-c98b-48a4-b47f-27f9d48e8164 status=RECEIVED
2026-08-11 23:27:03.585 [org.springframework.kafka.KafkaListenerEndpointContainer#0-0-C-1] INFO  com.moises.messaging.evidence - PERSISTED idempotencyKey=volume-136-2f0579ac-08ab-42d1-938f-6278c5ff763a orderId=37e32a67-d1dc-40fa-8170-662e616e3dc1 status=RECEIVED
2026-08-11 23:27:03.596 [org.springframework.kafka.KafkaListenerEndpointContainer#0-0-C-1] INFO  com.moises.messaging.evidence - PERSISTED idempotencyKey=volume-137-6a195503-549a-4b71-bbc9-77d4bb8d4823 orderId=94512971-f935-4e48-af1a-237b5feac179 status=RECEIVED
2026-08-11 23:27:03.606 [org.springframework.kafka.KafkaListenerEndpointContainer#0-0-C-1] INFO  com.moises.messaging.evidence - PERSISTED idempotencyKey=volume-138-875607c4-8f53-4a3a-8afb-413a503e7b56 orderId=f15d529f-1ef4-4e34-b09d-041a22cbb2e8 status=RECEIVED
2026-08-11 23:27:03.616 [org.springframework.kafka.KafkaListenerEndpointContainer#0-0-C-1] INFO  com.moises.messaging.evidence - PERSISTED idempotencyKey=volume-139-5644d1e7-b6ac-46d2-b4be-316e82bf4efc orderId=6d9d2563-4f7b-4bc0-a704-7c849107fce1 status=RECEIVED
2026-08-11 23:27:03.624 [org.springframework.kafka.KafkaListenerEndpointContainer#0-0-C-1] INFO  com.moises.messaging.evidence - PERSISTED idempotencyKey=volume-140-9e24bb77-2f36-4116-ae82-6fff2906b150 orderId=ae900407-3dc0-4e37-b82e-de45d8df6c89 status=RECEIVED
2026-08-11 23:27:03.634 [org.springframework.kafka.KafkaListenerEndpointContainer#0-0-C-1] INFO  com.moises.messaging.evidence - PERSISTED idempotencyKey=volume-141-765b8cbd-ef78-4530-a1d1-2fa55eafaa63 orderId=e7308b66-ad3d-4dc9-9928-6385cd27cfcc status=RECEIVED
2026-08-11 23:27:03.642 [org.springframework.kafka.KafkaListenerEndpointContainer#0-0-C-1] INFO  com.moises.messaging.evidence - PERSISTED idempotencyKey=volume-142-2985ed65-c0aa-44cb-8d21-e6ada3800f22 orderId=e6397889-482f-4f97-85ad-788687fd8884 status=RECEIVED
2026-08-11 23:27:03.650 [org.springframework.kafka.KafkaListenerEndpointContainer#0-0-C-1] INFO  com.moises.messaging.evidence - PERSISTED idempotencyKey=volume-143-1ce961eb-9206-4858-afe5-1d3cc13e7f15 orderId=43d82211-1580-4363-b3f0-8dd615957a5f status=RECEIVED
2026-08-11 23:27:03.656 [org.springframework.kafka.KafkaListenerEndpointContainer#0-0-C-1] INFO  com.moises.messaging.evidence - PERSISTED idempotencyKey=volume-144-3e2d00a2-e254-42a4-affe-3b8c89c65d51 orderId=1a58ce0a-0219-413e-a548-710eddf5474e status=RECEIVED
2026-08-11 23:27:03.663 [org.springframework.kafka.KafkaListenerEndpointContainer#0-0-C-1] INFO  com.moises.messaging.evidence - PERSISTED idempotencyKey=volume-145-36def142-6cd4-4590-9249-353ffdb4832f orderId=d75a59f8-9361-4644-9de6-efe0b89e5bde status=RECEIVED
2026-08-11 23:27:03.670 [org.springframework.kafka.KafkaListenerEndpointContainer#0-0-C-1] INFO  com.moises.messaging.evidence - PERSISTED idempotencyKey=volume-146-89f19589-4ab6-4fb3-bb4a-e1db78675b54 orderId=85d482cf-59e5-4693-ae41-ef7c7a7ead59 status=RECEIVED
2026-08-11 23:27:03.679 [org.springframework.kafka.KafkaListenerEndpointContainer#0-0-C-1] INFO  com.moises.messaging.evidence - PERSISTED idempotencyKey=volume-147-4e39c793-3192-4087-b9b5-bbf629825183 orderId=aee885a2-6955-44e4-9c7a-7977b2a93187 status=RECEIVED
2026-08-11 23:27:03.690 [org.springframework.kafka.KafkaListenerEndpointContainer#0-0-C-1] INFO  com.moises.messaging.evidence - PERSISTED idempotencyKey=volume-148-448e40a5-2a96-4b93-a5dd-b904031c4201 orderId=bba9a15d-44ba-4d39-b068-e143ceb96cf4 status=RECEIVED
2026-08-11 23:27:03.706 [org.springframework.kafka.KafkaListenerEndpointContainer#0-0-C-1] INFO  com.moises.messaging.evidence - PERSISTED idempotencyKey=volume-149-00e12c03-ec6e-49cf-b4a4-ee17418a2582 orderId=99d83eb4-8e87-4b26-b1b1-93c78c99eec9 status=RECEIVED
2026-08-11 23:27:03.720 [org.springframework.kafka.KafkaListenerEndpointContainer#0-0-C-1] INFO  com.moises.messaging.evidence - PERSISTED idempotencyKey=volume-150-cc778a68-37b3-4bd5-a9f0-e21de405fc30 orderId=4797f49c-d7b0-4b95-8e3d-e984ef38b83f status=RECEIVED
2026-08-11 23:27:03.736 [org.springframework.kafka.KafkaListenerEndpointContainer#0-0-C-1] INFO  com.moises.messaging.evidence - PERSISTED idempotencyKey=volume-151-176c0dd0-6d6f-41d9-abe6-dfeb2ad55b2a orderId=0a1b09ba-4f82-4aa6-846b-154c01f5e6bb status=RECEIVED
2026-08-11 23:27:03.749 [org.springframework.kafka.KafkaListenerEndpointContainer#0-0-C-1] INFO  com.moises.messaging.evidence - PERSISTED idempotencyKey=volume-152-f4e4fdb1-791d-4d50-a4cd-fc3b30cdecfb orderId=1a151cc3-cc18-49cb-9831-3ef3da908837 status=RECEIVED
2026-08-11 23:27:03.764 [org.springframework.kafka.KafkaListenerEndpointContainer#0-0-C-1] INFO  com.moises.messaging.evidence - PERSISTED idempotencyKey=volume-153-5781f340-9a73-4138-9b0e-1ef3c8bdd977 orderId=d3b94614-f9b0-4c3e-8029-f1b38d5f0d5c status=RECEIVED
2026-08-11 23:27:03.780 [org.springframework.kafka.KafkaListenerEndpointContainer#0-0-C-1] INFO  com.moises.messaging.evidence - PERSISTED idempotencyKey=volume-154-d3bfbbda-f7f8-4e37-85b6-318c1e919f02 orderId=8b676094-7276-4525-a0f6-f236ebc13d1f status=RECEIVED
2026-08-11 23:27:03.795 [org.springframework.kafka.KafkaListenerEndpointContainer#0-0-C-1] INFO  com.moises.messaging.evidence - PERSISTED idempotencyKey=volume-155-cce237dd-5e7a-4ff7-8088-573a19fc5ba7 orderId=3ee7b563-96e2-4aeb-821a-6e3d864ea61a status=RECEIVED
2026-08-11 23:27:03.806 [org.springframework.kafka.KafkaListenerEndpointContainer#0-0-C-1] INFO  com.moises.messaging.evidence - PERSISTED idempotencyKey=volume-156-1938fb7a-20e2-4668-85ed-45af978c817e orderId=ab9e0fd2-7d6f-4749-b6c7-5074995e8e25 status=RECEIVED
2026-08-11 23:27:03.815 [org.springframework.kafka.KafkaListenerEndpointContainer#0-0-C-1] INFO  com.moises.messaging.evidence - PERSISTED idempotencyKey=volume-157-2331a19a-b8d1-4fc8-9a85-f1abaf008ca5 orderId=1af56216-9fc9-4033-ba03-c5bd391e738e status=RECEIVED
2026-08-11 23:27:03.824 [org.springframework.kafka.KafkaListenerEndpointContainer#0-0-C-1] INFO  com.moises.messaging.evidence - PERSISTED idempotencyKey=volume-158-6077d6ab-70c0-4d4e-a28c-89840fc8321e orderId=a59aa541-3ee0-4fc8-9c46-d4530f33fd30 status=RECEIVED
2026-08-11 23:27:03.833 [org.springframework.kafka.KafkaListenerEndpointContainer#0-0-C-1] INFO  com.moises.messaging.evidence - PERSISTED idempotencyKey=volume-159-f9b1a9d3-470b-48e9-a735-6c837add00b4 orderId=4caf318d-94a0-480a-b2bc-72be860930e0 status=RECEIVED
2026-08-11 23:27:03.842 [org.springframework.kafka.KafkaListenerEndpointContainer#0-0-C-1] INFO  com.moises.messaging.evidence - PERSISTED idempotencyKey=volume-160-9b363576-356d-44ed-9428-e39ed2c252ea orderId=e0df4485-f34c-40fc-8e8e-8a0f860f624d status=RECEIVED
2026-08-11 23:27:03.854 [org.springframework.kafka.KafkaListenerEndpointContainer#0-0-C-1] INFO  com.moises.messaging.evidence - PERSISTED idempotencyKey=volume-161-eed25322-f64a-4109-b0be-32df13acec4e orderId=a9e48d8b-0ea1-4807-b56a-7b7ef4a70a70 status=RECEIVED
2026-08-11 23:27:03.863 [org.springframework.kafka.KafkaListenerEndpointContainer#0-0-C-1] INFO  com.moises.messaging.evidence - PERSISTED idempotencyKey=volume-162-1501075a-cbf3-49b8-be5e-5e8183c8497d orderId=23cf4570-6b2c-4915-b59c-6f4a88538e0c status=RECEIVED
2026-08-11 23:27:03.874 [org.springframework.kafka.KafkaListenerEndpointContainer#0-0-C-1] INFO  com.moises.messaging.evidence - PERSISTED idempotencyKey=volume-163-bde410b0-209c-418b-b1ef-054a34e8b719 orderId=7a3c3129-ee19-45a5-8db9-5bbc11d9a7db status=RECEIVED
2026-08-11 23:27:03.883 [org.springframework.kafka.KafkaListenerEndpointContainer#0-0-C-1] INFO  com.moises.messaging.evidence - PERSISTED idempotencyKey=volume-164-cf3b7129-48c4-414f-80bc-18e7381a2f1d orderId=d8b974ac-2596-4c49-ae54-7348dd15b619 status=RECEIVED
2026-08-11 23:27:03.898 [org.springframework.kafka.KafkaListenerEndpointContainer#0-0-C-1] INFO  com.moises.messaging.evidence - PERSISTED idempotencyKey=volume-165-f64344ea-6aec-4659-bbe3-ded11657cb69 orderId=0f8759e7-9e13-4660-80b1-cb8ad95d1ac9 status=RECEIVED
2026-08-11 23:27:03.915 [org.springframework.kafka.KafkaListenerEndpointContainer#0-0-C-1] INFO  com.moises.messaging.evidence - PERSISTED idempotencyKey=volume-166-f9540003-7c64-419f-8b47-437c385e3ce1 orderId=8b26573a-c5d4-48ba-bfbc-188ac8142d56 status=RECEIVED
2026-08-11 23:27:03.932 [org.springframework.kafka.KafkaListenerEndpointContainer#0-0-C-1] INFO  com.moises.messaging.evidence - PERSISTED idempotencyKey=volume-167-5d62eb11-144c-4b17-b15f-1bd9a6720e91 orderId=fa37cc17-da55-4ff9-ad1d-557035e7ad2a status=RECEIVED
2026-08-11 23:27:03.950 [org.springframework.kafka.KafkaListenerEndpointContainer#0-0-C-1] INFO  com.moises.messaging.evidence - PERSISTED idempotencyKey=volume-168-33a88a91-209b-460f-95a9-7d990e21c12b orderId=a160f7ba-caf7-4785-a8a0-4d4f17d2f0e1 status=RECEIVED
2026-08-11 23:27:03.969 [org.springframework.kafka.KafkaListenerEndpointContainer#0-0-C-1] INFO  com.moises.messaging.evidence - PERSISTED idempotencyKey=volume-169-9b14d8c6-8538-40e8-84b1-5d0d9ba0f066 orderId=c861f1c1-9f2a-4387-92f1-444033640a7c status=RECEIVED
2026-08-11 23:27:03.988 [org.springframework.kafka.KafkaListenerEndpointContainer#0-0-C-1] INFO  com.moises.messaging.evidence - PERSISTED idempotencyKey=volume-170-db07f931-0196-42df-a5fc-95c334282c4e orderId=f8367958-fcbf-48b2-bbb5-075629097628 status=RECEIVED
2026-08-11 23:27:03.999 [org.springframework.kafka.KafkaListenerEndpointContainer#0-0-C-1] INFO  com.moises.messaging.evidence - PERSISTED idempotencyKey=volume-171-a7a37a2c-cb30-4fc0-b0cf-01095092ac8e orderId=9b4088b7-206c-4f91-a52a-c43603a99650 status=RECEIVED
2026-08-11 23:27:04.009 [org.springframework.kafka.KafkaListenerEndpointContainer#0-0-C-1] INFO  com.moises.messaging.evidence - PERSISTED idempotencyKey=volume-172-39c53e8d-cb43-4568-a169-0594c316d55a orderId=bc8e16cf-7e38-4fdd-b2af-1644dbc186c2 status=RECEIVED
2026-08-11 23:27:04.019 [org.springframework.kafka.KafkaListenerEndpointContainer#0-0-C-1] INFO  com.moises.messaging.evidence - PERSISTED idempotencyKey=volume-173-f578913e-a352-4828-a61c-9426b93d82f4 orderId=14c04a7e-80f2-4fd8-9076-422fbe353993 status=RECEIVED
2026-08-11 23:27:04.028 [org.springframework.kafka.KafkaListenerEndpointContainer#0-0-C-1] INFO  com.moises.messaging.evidence - PERSISTED idempotencyKey=volume-174-9c187fc2-cdba-4a37-baf4-86fa9a2ffa01 orderId=464884f2-fb77-44b4-b870-1348238cf3d0 status=RECEIVED
2026-08-11 23:27:04.036 [org.springframework.kafka.KafkaListenerEndpointContainer#0-0-C-1] INFO  com.moises.messaging.evidence - PERSISTED idempotencyKey=volume-175-b6a1f64e-f2cb-4295-8b92-0d210f853e93 orderId=78f371a2-902a-47bc-ae74-4334a93bab06 status=RECEIVED
2026-08-11 23:27:04.044 [org.springframework.kafka.KafkaListenerEndpointContainer#0-0-C-1] INFO  com.moises.messaging.evidence - PERSISTED idempotencyKey=volume-176-ef4c07a0-9de6-4dc6-9439-8f0789d164f8 orderId=9a00cfbf-9d4e-461d-94a9-39300130ad8f status=RECEIVED
2026-08-11 23:27:04.052 [org.springframework.kafka.KafkaListenerEndpointContainer#0-0-C-1] INFO  com.moises.messaging.evidence - PERSISTED idempotencyKey=volume-177-6142c916-48da-4f9c-afb0-0cb61912dda5 orderId=275c7946-6cfa-4bd6-90b2-5be9f34ebeca status=RECEIVED
2026-08-11 23:27:04.062 [org.springframework.kafka.KafkaListenerEndpointContainer#0-0-C-1] INFO  com.moises.messaging.evidence - PERSISTED idempotencyKey=volume-178-82263cde-2f30-402f-bfb1-77cd7727be9a orderId=249e14af-2ecd-44f2-a515-38f6ca0d6d8e status=RECEIVED
2026-08-11 23:27:04.071 [org.springframework.kafka.KafkaListenerEndpointContainer#0-0-C-1] INFO  com.moises.messaging.evidence - PERSISTED idempotencyKey=volume-179-9f1bcb2c-db8a-4c01-b9b8-cfeb69864915 orderId=5988bfb1-0663-4ed5-9047-76c22bd5bf3c status=RECEIVED
2026-08-11 23:27:04.081 [org.springframework.kafka.KafkaListenerEndpointContainer#0-0-C-1] INFO  com.moises.messaging.evidence - PERSISTED idempotencyKey=volume-180-817e6a92-f15d-4652-9dba-72c6b934e929 orderId=c92ae59c-333b-4254-8a64-3207a152115e status=RECEIVED
2026-08-11 23:27:04.090 [org.springframework.kafka.KafkaListenerEndpointContainer#0-0-C-1] INFO  com.moises.messaging.evidence - PERSISTED idempotencyKey=volume-181-b13c50b1-ca03-420e-9f36-44cd4123abaf orderId=ed65c91d-a669-4733-a3b7-9c9840ecc253 status=RECEIVED
2026-08-11 23:27:04.106 [org.springframework.kafka.KafkaListenerEndpointContainer#0-0-C-1] INFO  com.moises.messaging.evidence - PERSISTED idempotencyKey=volume-182-ac113af6-4964-4125-9f86-ce57d3fce2d2 orderId=8635bf83-b14f-4038-897b-2e988adb6136 status=RECEIVED
2026-08-11 23:27:04.123 [org.springframework.kafka.KafkaListenerEndpointContainer#0-0-C-1] INFO  com.moises.messaging.evidence - PERSISTED idempotencyKey=volume-183-a4042e25-771f-4748-ad1f-09ad80eefc88 orderId=58a796e9-6568-428e-93f2-05c7f3d14d30 status=RECEIVED
2026-08-11 23:27:04.140 [org.springframework.kafka.KafkaListenerEndpointContainer#0-0-C-1] INFO  com.moises.messaging.evidence - PERSISTED idempotencyKey=volume-184-0abfd693-cc49-4e9d-be30-e513111319ff orderId=330fced7-73c4-444c-846b-5e00f8441cac status=RECEIVED
2026-08-11 23:27:04.157 [org.springframework.kafka.KafkaListenerEndpointContainer#0-0-C-1] INFO  com.moises.messaging.evidence - PERSISTED idempotencyKey=volume-185-84a0da74-c205-40b9-b7c5-07ddca3a9c60 orderId=61ccc31c-e927-49b8-bab0-e68328b90b3d status=RECEIVED
2026-08-11 23:27:04.177 [org.springframework.kafka.KafkaListenerEndpointContainer#0-0-C-1] INFO  com.moises.messaging.evidence - PERSISTED idempotencyKey=volume-186-cfedbe6f-8d57-44ff-8f84-16f784b31392 orderId=8d3109d0-543f-4eb5-a40d-bbcd90ee6073 status=RECEIVED
2026-08-11 23:27:04.193 [org.springframework.kafka.KafkaListenerEndpointContainer#0-0-C-1] INFO  com.moises.messaging.evidence - PERSISTED idempotencyKey=volume-187-44dca93f-5d98-4984-8f2a-882de0505858 orderId=6ffb25e4-3e93-425d-a6fb-a529cacfe702 status=RECEIVED
2026-08-11 23:27:04.204 [org.springframework.kafka.KafkaListenerEndpointContainer#0-0-C-1] INFO  com.moises.messaging.evidence - PERSISTED idempotencyKey=volume-188-34f817e0-9702-4f5b-a419-631258fe0b44 orderId=ff1f5a00-e43d-48d3-b0a7-384cd743bfda status=RECEIVED
2026-08-11 23:27:04.215 [org.springframework.kafka.KafkaListenerEndpointContainer#0-0-C-1] INFO  com.moises.messaging.evidence - PERSISTED idempotencyKey=volume-189-244857f9-b15c-498b-a387-b886bdd4ea9e orderId=ae7d5fe5-8c30-4653-87e4-8e574389a014 status=RECEIVED
2026-08-11 23:27:04.224 [org.springframework.kafka.KafkaListenerEndpointContainer#0-0-C-1] INFO  com.moises.messaging.evidence - PERSISTED idempotencyKey=volume-190-15c7e3ee-e026-4ff1-9287-bf3ebee1904e orderId=2bcd3d77-c6dd-4719-b1de-bb8b82a694e2 status=RECEIVED
2026-08-11 23:27:04.235 [org.springframework.kafka.KafkaListenerEndpointContainer#0-0-C-1] INFO  com.moises.messaging.evidence - PERSISTED idempotencyKey=volume-191-421f7d79-1409-4353-9c78-ceca69f6ec33 orderId=8715ecd9-ef04-4fc2-aaf8-6df296fc5112 status=RECEIVED
2026-08-11 23:27:04.246 [org.springframework.kafka.KafkaListenerEndpointContainer#0-0-C-1] INFO  com.moises.messaging.evidence - PERSISTED idempotencyKey=volume-192-a946830d-d11d-4870-9f72-33065aaa9d4f orderId=381752f6-c7f0-4aa1-8a45-03052aac5033 status=RECEIVED
2026-08-11 23:27:04.254 [org.springframework.kafka.KafkaListenerEndpointContainer#0-0-C-1] INFO  com.moises.messaging.evidence - PERSISTED idempotencyKey=volume-193-602a6454-ba03-4267-b5b3-8c2b5f0d4d79 orderId=97be36f9-157f-4a51-8d8b-deec4640f3f7 status=RECEIVED
2026-08-11 23:27:04.265 [org.springframework.kafka.KafkaListenerEndpointContainer#0-0-C-1] INFO  com.moises.messaging.evidence - PERSISTED idempotencyKey=volume-194-aeb5d8da-01cb-4bf9-a137-578ceb5099dd orderId=4ccba1d7-c995-46f3-a50d-f90c468eb2a0 status=RECEIVED
2026-08-11 23:27:04.274 [org.springframework.kafka.KafkaListenerEndpointContainer#0-0-C-1] INFO  com.moises.messaging.evidence - PERSISTED idempotencyKey=volume-195-7cb2303d-f9fb-4961-9bd1-c5818c1ca287 orderId=535f7a5a-c88d-4a93-a67a-672342654ab4 status=RECEIVED
2026-08-11 23:27:04.285 [org.springframework.kafka.KafkaListenerEndpointContainer#0-0-C-1] INFO  com.moises.messaging.evidence - PERSISTED idempotencyKey=volume-196-90ec6ddb-1d1d-4703-843c-1146226081e7 orderId=e5f0d970-c7cd-4b86-9473-bbedc1b54493 status=RECEIVED
2026-08-11 23:27:04.298 [org.springframework.kafka.KafkaListenerEndpointContainer#0-0-C-1] INFO  com.moises.messaging.evidence - PERSISTED idempotencyKey=volume-197-9c9c9435-9ae3-43cf-bc5f-d304e43b36dd orderId=296b564d-e339-48af-8b31-af49fc83f83f status=RECEIVED
2026-08-11 23:27:04.313 [org.springframework.kafka.KafkaListenerEndpointContainer#0-0-C-1] INFO  com.moises.messaging.evidence - PERSISTED idempotencyKey=volume-198-e467356d-56be-4e52-a014-d01d1b26c760 orderId=83c2f6ca-b059-46f5-bf0a-8bbfc919db79 status=RECEIVED
2026-08-11 23:27:04.322 [org.springframework.kafka.KafkaListenerEndpointContainer#0-0-C-1] INFO  com.moises.messaging.evidence - PERSISTED idempotencyKey=volume-199-99fe422e-d502-4073-8b0a-e8500905bec1 orderId=60d1c4da-5b38-45b3-92dd-b217d248fb86 status=RECEIVED
2026-08-11 23:30:27.150 [http-nio-auto-1-exec-1] INFO  com.moises.messaging.evidence - PUBLISHED topic=orders-topic idempotencyKey=cache-consistency-e7fc2421-de79-411d-a36e-62d22787255f payload=com.moises.messaging.dto.OrderRequest@dc7d3ea
2026-08-11 23:30:27.206 [main] INFO  com.moises.messaging.evidence - TEST_PUBLISHED idempotencyKey=cache-consistency-e7fc2421-de79-411d-a36e-62d22787255f payload=com.moises.messaging.dto.OrderRequest@3086155a
2026-08-11 23:30:30.006 [org.springframework.kafka.KafkaListenerEndpointContainer#0-0-C-1] INFO  com.moises.messaging.evidence - PERSISTED idempotencyKey=cache-consistency-e7fc2421-de79-411d-a36e-62d22787255f orderId=8ed812cd-671b-45a3-95d3-a5307e887f68 status=RECEIVED
2026-08-11 23:30:35.434 [main] INFO  com.moises.messaging.evidence - TEST_ASSERT_NEVER_PERSISTED idempotencyKey=dlq-invalido-b0001b6c-4f3e-4bef-956c-260216683903 confirmed=true
2026-08-11 23:30:39.274 [http-nio-auto-1-exec-2] INFO  com.moises.messaging.evidence - PUBLISHED topic=orders-topic idempotencyKey=happy-path-estoque-b5b7d085-43c6-4ea7-b06f-61b3df2bee1e payload=com.moises.messaging.dto.OrderRequest@400e89d8
2026-08-11 23:30:39.276 [main] INFO  com.moises.messaging.evidence - TEST_PUBLISHED idempotencyKey=happy-path-estoque-b5b7d085-43c6-4ea7-b06f-61b3df2bee1e payload=com.moises.messaging.dto.OrderRequest@6c40bb07
2026-08-11 23:30:39.289 [org.springframework.kafka.KafkaListenerEndpointContainer#0-0-C-1] INFO  com.moises.messaging.evidence - PERSISTED idempotencyKey=happy-path-estoque-b5b7d085-43c6-4ea7-b06f-61b3df2bee1e orderId=e03c6c5a-dc23-44e1-9d33-f66b102cecfb status=RECEIVED
2026-08-11 23:30:39.523 [http-nio-auto-1-exec-3] INFO  com.moises.messaging.evidence - PUBLISHED topic=orders-topic idempotencyKey=happy-path-pedido-9da899b7-7ab1-43a4-8e90-b60d3e5256c3 payload=com.moises.messaging.dto.OrderRequest@2895899
2026-08-11 23:30:39.525 [main] INFO  com.moises.messaging.evidence - TEST_PUBLISHED idempotencyKey=happy-path-pedido-9da899b7-7ab1-43a4-8e90-b60d3e5256c3 payload=com.moises.messaging.dto.OrderRequest@4cf08d08
2026-08-11 23:30:39.535 [org.springframework.kafka.KafkaListenerEndpointContainer#0-0-C-1] INFO  com.moises.messaging.evidence - PERSISTED idempotencyKey=happy-path-pedido-9da899b7-7ab1-43a4-8e90-b60d3e5256c3 orderId=1c3262a5-c0ab-4be5-a194-6acbc2723c0a status=RECEIVED
2026-08-11 23:30:39.784 [http-nio-auto-1-exec-4] INFO  com.moises.messaging.evidence - PUBLISHED topic=orders-topic idempotencyKey=idempotency-duplicada-593885ea-a3b0-484c-8e72-86d5543d290b payload=com.moises.messaging.dto.OrderRequest@44a56f2c
2026-08-11 23:30:39.786 [main] INFO  com.moises.messaging.evidence - TEST_PUBLISHED idempotencyKey=idempotency-duplicada-593885ea-a3b0-484c-8e72-86d5543d290b payload=com.moises.messaging.dto.OrderRequest@396d21ec
2026-08-11 23:30:39.796 [org.springframework.kafka.KafkaListenerEndpointContainer#0-0-C-1] INFO  com.moises.messaging.evidence - PERSISTED idempotencyKey=idempotency-duplicada-593885ea-a3b0-484c-8e72-86d5543d290b orderId=aa57b652-63fe-4dac-8293-9b802fe08062 status=RECEIVED
2026-08-11 23:30:40.234 [http-nio-auto-1-exec-5] INFO  com.moises.messaging.evidence - PUBLISHED topic=orders-topic idempotencyKey=idempotency-duplicada-593885ea-a3b0-484c-8e72-86d5543d290b payload=com.moises.messaging.dto.OrderRequest@5316df14
2026-08-11 23:30:40.237 [main] INFO  com.moises.messaging.evidence - TEST_PUBLISHED idempotencyKey=idempotency-duplicada-593885ea-a3b0-484c-8e72-86d5543d290b payload=com.moises.messaging.dto.OrderRequest@396d21ec
2026-08-11 23:30:40.244 [org.springframework.kafka.KafkaListenerEndpointContainer#0-0-C-1] INFO  com.moises.messaging.evidence - DUPLICATE_IGNORED idempotencyKey=idempotency-duplicada-593885ea-a3b0-484c-8e72-86d5543d290b
2026-08-11 23:30:43.303 [http-nio-auto-1-exec-6] INFO  com.moises.messaging.evidence - PUBLISHED topic=orders-topic idempotencyKey=reprocessing-concorrencia-b4f53e45-f22a-4a69-898c-9f4ca2502020 payload=com.moises.messaging.dto.OrderRequest@685c2c43
2026-08-11 23:30:43.307 [pool-4-thread-1] INFO  com.moises.messaging.evidence - TEST_PUBLISHED idempotencyKey=reprocessing-concorrencia-b4f53e45-f22a-4a69-898c-9f4ca2502020 payload=com.moises.messaging.dto.OrderRequest@51c3f5fa
2026-08-11 23:30:43.315 [http-nio-auto-1-exec-7] INFO  com.moises.messaging.evidence - PUBLISHED topic=orders-topic idempotencyKey=reprocessing-concorrencia-b4f53e45-f22a-4a69-898c-9f4ca2502020 payload=com.moises.messaging.dto.OrderRequest@4a6c5eda
2026-08-11 23:30:43.321 [pool-4-thread-2] INFO  com.moises.messaging.evidence - TEST_PUBLISHED idempotencyKey=reprocessing-concorrencia-b4f53e45-f22a-4a69-898c-9f4ca2502020 payload=com.moises.messaging.dto.OrderRequest@51c3f5fa
2026-08-11 23:30:43.327 [org.springframework.kafka.KafkaListenerEndpointContainer#0-0-C-1] INFO  com.moises.messaging.evidence - PERSISTED idempotencyKey=reprocessing-concorrencia-b4f53e45-f22a-4a69-898c-9f4ca2502020 orderId=249fdfe0-35a2-46ec-8b64-9512cf5fdd6c status=RECEIVED
2026-08-11 23:30:43.345 [org.springframework.kafka.KafkaListenerEndpointContainer#0-0-C-1] INFO  com.moises.messaging.evidence - DUPLICATE_IGNORED idempotencyKey=reprocessing-concorrencia-b4f53e45-f22a-4a69-898c-9f4ca2502020
2026-08-11 23:30:43.604 [http-nio-auto-1-exec-8] INFO  com.moises.messaging.evidence - PUBLISHED topic=orders-topic idempotencyKey=volume-0-8ee7c97c-19c1-4bcf-8014-04117a595725 payload=com.moises.messaging.dto.OrderRequest@6ea922fe
2026-08-11 23:30:43.607 [main] INFO  com.moises.messaging.evidence - TEST_PUBLISHED idempotencyKey=volume-0-8ee7c97c-19c1-4bcf-8014-04117a595725 payload=com.moises.messaging.dto.OrderRequest@d0da1d6
2026-08-11 23:30:43.616 [http-nio-auto-1-exec-9] INFO  com.moises.messaging.evidence - PUBLISHED topic=orders-topic idempotencyKey=volume-1-edeac87d-b079-45f9-8317-3582e54ab5a6 payload=com.moises.messaging.dto.OrderRequest@3f95f227
2026-08-11 23:30:43.619 [org.springframework.kafka.KafkaListenerEndpointContainer#0-0-C-1] INFO  com.moises.messaging.evidence - PERSISTED idempotencyKey=volume-0-8ee7c97c-19c1-4bcf-8014-04117a595725 orderId=4e8cfee9-9eeb-4164-a1c0-e9c8db7248ad status=RECEIVED
2026-08-11 23:30:43.621 [main] INFO  com.moises.messaging.evidence - TEST_PUBLISHED idempotencyKey=volume-1-edeac87d-b079-45f9-8317-3582e54ab5a6 payload=com.moises.messaging.dto.OrderRequest@7033c58a
2026-08-11 23:30:43.640 [http-nio-auto-1-exec-10] INFO  com.moises.messaging.evidence - PUBLISHED topic=orders-topic idempotencyKey=volume-2-2a412bc1-59a9-4f95-aa23-7f70250060a6 payload=com.moises.messaging.dto.OrderRequest@55e3cc53
2026-08-11 23:30:43.644 [main] INFO  com.moises.messaging.evidence - TEST_PUBLISHED idempotencyKey=volume-2-2a412bc1-59a9-4f95-aa23-7f70250060a6 payload=com.moises.messaging.dto.OrderRequest@65a03e98
2026-08-11 23:30:43.650 [org.springframework.kafka.KafkaListenerEndpointContainer#0-0-C-1] INFO  com.moises.messaging.evidence - PERSISTED idempotencyKey=volume-1-edeac87d-b079-45f9-8317-3582e54ab5a6 orderId=9e24e063-9662-4f24-9e57-781fe529bd63 status=RECEIVED
2026-08-11 23:30:43.666 [http-nio-auto-1-exec-1] INFO  com.moises.messaging.evidence - PUBLISHED topic=orders-topic idempotencyKey=volume-3-e48cf980-ef65-47d0-92ff-78146c6edea7 payload=com.moises.messaging.dto.OrderRequest@274c598e
2026-08-11 23:30:43.670 [main] INFO  com.moises.messaging.evidence - TEST_PUBLISHED idempotencyKey=volume-3-e48cf980-ef65-47d0-92ff-78146c6edea7 payload=com.moises.messaging.dto.OrderRequest@25a8ff84
2026-08-11 23:30:43.676 [org.springframework.kafka.KafkaListenerEndpointContainer#0-0-C-1] INFO  com.moises.messaging.evidence - PERSISTED idempotencyKey=volume-2-2a412bc1-59a9-4f95-aa23-7f70250060a6 orderId=dca3e94a-b522-4de9-a39b-4f014e35819c status=RECEIVED
2026-08-11 23:30:43.686 [http-nio-auto-1-exec-2] INFO  com.moises.messaging.evidence - PUBLISHED topic=orders-topic idempotencyKey=volume-4-53234581-9a5e-413c-82d2-1412f368b7d5 payload=com.moises.messaging.dto.OrderRequest@13383e3
2026-08-11 23:30:43.688 [main] INFO  com.moises.messaging.evidence - TEST_PUBLISHED idempotencyKey=volume-4-53234581-9a5e-413c-82d2-1412f368b7d5 payload=com.moises.messaging.dto.OrderRequest@454be9f6
2026-08-11 23:30:43.704 [org.springframework.kafka.KafkaListenerEndpointContainer#0-0-C-1] INFO  com.moises.messaging.evidence - PERSISTED idempotencyKey=volume-3-e48cf980-ef65-47d0-92ff-78146c6edea7 orderId=81669a66-b1a2-48d0-8562-0d77fd0cef28 status=RECEIVED
2026-08-11 23:30:43.708 [http-nio-auto-1-exec-3] INFO  com.moises.messaging.evidence - PUBLISHED topic=orders-topic idempotencyKey=volume-5-2296ce8e-3ccf-4df6-ae34-22b58bb43d30 payload=com.moises.messaging.dto.OrderRequest@43b452a2
2026-08-11 23:30:43.711 [main] INFO  com.moises.messaging.evidence - TEST_PUBLISHED idempotencyKey=volume-5-2296ce8e-3ccf-4df6-ae34-22b58bb43d30 payload=com.moises.messaging.dto.OrderRequest@2bba7b40
2026-08-11 23:30:43.723 [http-nio-auto-1-exec-4] INFO  com.moises.messaging.evidence - PUBLISHED topic=orders-topic idempotencyKey=volume-6-99a39317-c98f-46ab-9042-df29576e0924 payload=com.moises.messaging.dto.OrderRequest@5986517
2026-08-11 23:30:43.724 [org.springframework.kafka.KafkaListenerEndpointContainer#0-0-C-1] INFO  com.moises.messaging.evidence - PERSISTED idempotencyKey=volume-4-53234581-9a5e-413c-82d2-1412f368b7d5 orderId=a8d0f6a4-036f-45fd-b053-90afc2e17fa8 status=RECEIVED
2026-08-11 23:30:43.725 [main] INFO  com.moises.messaging.evidence - TEST_PUBLISHED idempotencyKey=volume-6-99a39317-c98f-46ab-9042-df29576e0924 payload=com.moises.messaging.dto.OrderRequest@4f8ad451
2026-08-11 23:30:43.742 [org.springframework.kafka.KafkaListenerEndpointContainer#0-0-C-1] INFO  com.moises.messaging.evidence - PERSISTED idempotencyKey=volume-5-2296ce8e-3ccf-4df6-ae34-22b58bb43d30 orderId=cca7b1b0-9cd4-4413-b020-20a9ca8ba4bf status=RECEIVED
2026-08-11 23:30:43.744 [http-nio-auto-1-exec-5] INFO  com.moises.messaging.evidence - PUBLISHED topic=orders-topic idempotencyKey=volume-7-4aaab1c8-d3c3-477d-a400-f3b798544d86 payload=com.moises.messaging.dto.OrderRequest@122bd52f
2026-08-11 23:30:43.747 [main] INFO  com.moises.messaging.evidence - TEST_PUBLISHED idempotencyKey=volume-7-4aaab1c8-d3c3-477d-a400-f3b798544d86 payload=com.moises.messaging.dto.OrderRequest@2dbc56fb
2026-08-11 23:30:43.755 [http-nio-auto-1-exec-6] INFO  com.moises.messaging.evidence - PUBLISHED topic=orders-topic idempotencyKey=volume-8-b5ff43bf-7d50-44b3-8b48-b30939bd463a payload=com.moises.messaging.dto.OrderRequest@29612678
2026-08-11 23:30:43.759 [main] INFO  com.moises.messaging.evidence - TEST_PUBLISHED idempotencyKey=volume-8-b5ff43bf-7d50-44b3-8b48-b30939bd463a payload=com.moises.messaging.dto.OrderRequest@568b7ec6
2026-08-11 23:30:43.773 [http-nio-auto-1-exec-7] INFO  com.moises.messaging.evidence - PUBLISHED topic=orders-topic idempotencyKey=volume-9-ca6d1f6d-53ba-40a5-b064-591c053a281f payload=com.moises.messaging.dto.OrderRequest@46a441b0
2026-08-11 23:30:43.775 [main] INFO  com.moises.messaging.evidence - TEST_PUBLISHED idempotencyKey=volume-9-ca6d1f6d-53ba-40a5-b064-591c053a281f payload=com.moises.messaging.dto.OrderRequest@194ff162
2026-08-11 23:30:43.785 [http-nio-auto-1-exec-8] INFO  com.moises.messaging.evidence - PUBLISHED topic=orders-topic idempotencyKey=volume-10-2b0af977-dad5-4d10-9034-f2826ea32d83 payload=com.moises.messaging.dto.OrderRequest@77e7bafb
2026-08-11 23:30:43.788 [main] INFO  com.moises.messaging.evidence - TEST_PUBLISHED idempotencyKey=volume-10-2b0af977-dad5-4d10-9034-f2826ea32d83 payload=com.moises.messaging.dto.OrderRequest@3ebda1be
2026-08-11 23:30:43.792 [org.springframework.kafka.KafkaListenerEndpointContainer#0-0-C-1] INFO  com.moises.messaging.evidence - PERSISTED idempotencyKey=volume-6-99a39317-c98f-46ab-9042-df29576e0924 orderId=731fc75b-3530-41ad-aeb7-0de8d35783ec status=RECEIVED
2026-08-11 23:30:43.802 [http-nio-auto-1-exec-9] INFO  com.moises.messaging.evidence - PUBLISHED topic=orders-topic idempotencyKey=volume-11-fe299796-6a7b-4ff2-a49c-5296dacdcb28 payload=com.moises.messaging.dto.OrderRequest@7ea8f81c
2026-08-11 23:30:43.804 [main] INFO  com.moises.messaging.evidence - TEST_PUBLISHED idempotencyKey=volume-11-fe299796-6a7b-4ff2-a49c-5296dacdcb28 payload=com.moises.messaging.dto.OrderRequest@2181e6b6
2026-08-11 23:30:43.818 [http-nio-auto-1-exec-10] INFO  com.moises.messaging.evidence - PUBLISHED topic=orders-topic idempotencyKey=volume-12-d7b24706-220f-4c55-9efb-d2e1c5e52810 payload=com.moises.messaging.dto.OrderRequest@14dec668
2026-08-11 23:30:43.820 [main] INFO  com.moises.messaging.evidence - TEST_PUBLISHED idempotencyKey=volume-12-d7b24706-220f-4c55-9efb-d2e1c5e52810 payload=com.moises.messaging.dto.OrderRequest@2cf1c10e
2026-08-11 23:30:43.830 [http-nio-auto-1-exec-1] INFO  com.moises.messaging.evidence - PUBLISHED topic=orders-topic idempotencyKey=volume-13-11d7a75f-b76a-4d31-be00-5eb663d45818 payload=com.moises.messaging.dto.OrderRequest@8475289
2026-08-11 23:30:43.834 [main] INFO  com.moises.messaging.evidence - TEST_PUBLISHED idempotencyKey=volume-13-11d7a75f-b76a-4d31-be00-5eb663d45818 payload=com.moises.messaging.dto.OrderRequest@4ad3f113
2026-08-11 23:30:43.837 [org.springframework.kafka.KafkaListenerEndpointContainer#0-0-C-1] INFO  com.moises.messaging.evidence - PERSISTED idempotencyKey=volume-7-4aaab1c8-d3c3-477d-a400-f3b798544d86 orderId=bddaa882-0c40-4ae9-9068-3364b664257b status=RECEIVED
2026-08-11 23:30:43.845 [http-nio-auto-1-exec-2] INFO  com.moises.messaging.evidence - PUBLISHED topic=orders-topic idempotencyKey=volume-14-0227027f-bee4-45b3-a4cf-39c907c4340b payload=com.moises.messaging.dto.OrderRequest@3078c642
2026-08-11 23:30:43.846 [main] INFO  com.moises.messaging.evidence - TEST_PUBLISHED idempotencyKey=volume-14-0227027f-bee4-45b3-a4cf-39c907c4340b payload=com.moises.messaging.dto.OrderRequest@19b019a6
2026-08-11 23:30:43.867 [http-nio-auto-1-exec-3] INFO  com.moises.messaging.evidence - PUBLISHED topic=orders-topic idempotencyKey=volume-15-24cba059-02da-4e01-ae5a-236e47398e1e payload=com.moises.messaging.dto.OrderRequest@72bdd25d
2026-08-11 23:30:43.869 [main] INFO  com.moises.messaging.evidence - TEST_PUBLISHED idempotencyKey=volume-15-24cba059-02da-4e01-ae5a-236e47398e1e payload=com.moises.messaging.dto.OrderRequest@37aae870
2026-08-11 23:30:43.872 [org.springframework.kafka.KafkaListenerEndpointContainer#0-0-C-1] INFO  com.moises.messaging.evidence - PERSISTED idempotencyKey=volume-8-b5ff43bf-7d50-44b3-8b48-b30939bd463a orderId=32ad8a3b-eaa1-457e-87bb-d01ad4284e29 status=RECEIVED
2026-08-11 23:30:43.882 [http-nio-auto-1-exec-4] INFO  com.moises.messaging.evidence - PUBLISHED topic=orders-topic idempotencyKey=volume-16-4e54e5d6-3862-4626-9758-34d5843a69e9 payload=com.moises.messaging.dto.OrderRequest@34d787f3
2026-08-11 23:30:43.884 [main] INFO  com.moises.messaging.evidence - TEST_PUBLISHED idempotencyKey=volume-16-4e54e5d6-3862-4626-9758-34d5843a69e9 payload=com.moises.messaging.dto.OrderRequest@1571a63a
2026-08-11 23:30:43.892 [http-nio-auto-1-exec-5] INFO  com.moises.messaging.evidence - PUBLISHED topic=orders-topic idempotencyKey=volume-17-3b8c62d9-297c-42b7-a78f-14aa25bc5311 payload=com.moises.messaging.dto.OrderRequest@23f303ca
2026-08-11 23:30:43.899 [main] INFO  com.moises.messaging.evidence - TEST_PUBLISHED idempotencyKey=volume-17-3b8c62d9-297c-42b7-a78f-14aa25bc5311 payload=com.moises.messaging.dto.OrderRequest@40ff96ee
2026-08-11 23:30:43.929 [http-nio-auto-1-exec-6] INFO  com.moises.messaging.evidence - PUBLISHED topic=orders-topic idempotencyKey=volume-18-f2b5a1f3-8303-494c-9c99-7a948a46f958 payload=com.moises.messaging.dto.OrderRequest@4d0064d8
2026-08-11 23:30:43.941 [main] INFO  com.moises.messaging.evidence - TEST_PUBLISHED idempotencyKey=volume-18-f2b5a1f3-8303-494c-9c99-7a948a46f958 payload=com.moises.messaging.dto.OrderRequest@599bda7e
2026-08-11 23:30:43.953 [http-nio-auto-1-exec-7] INFO  com.moises.messaging.evidence - PUBLISHED topic=orders-topic idempotencyKey=volume-19-b3f4b7ee-1b77-496a-98cb-c3d663324c2c payload=com.moises.messaging.dto.OrderRequest@37da9b52
2026-08-11 23:30:43.955 [main] INFO  com.moises.messaging.evidence - TEST_PUBLISHED idempotencyKey=volume-19-b3f4b7ee-1b77-496a-98cb-c3d663324c2c payload=com.moises.messaging.dto.OrderRequest@39124055
2026-08-11 23:30:43.969 [http-nio-auto-1-exec-8] INFO  com.moises.messaging.evidence - PUBLISHED topic=orders-topic idempotencyKey=volume-20-667dba9b-38a3-4657-ab51-8be172dd3cb4 payload=com.moises.messaging.dto.OrderRequest@7b5303dd
2026-08-11 23:30:43.971 [org.springframework.kafka.KafkaListenerEndpointContainer#0-0-C-1] INFO  com.moises.messaging.evidence - PERSISTED idempotencyKey=volume-9-ca6d1f6d-53ba-40a5-b064-591c053a281f orderId=16eae0c5-b971-4391-9b5b-496f6bb437ea status=RECEIVED
2026-08-11 23:30:43.971 [main] INFO  com.moises.messaging.evidence - TEST_PUBLISHED idempotencyKey=volume-20-667dba9b-38a3-4657-ab51-8be172dd3cb4 payload=com.moises.messaging.dto.OrderRequest@21ca613b
2026-08-11 23:30:44.005 [http-nio-auto-1-exec-9] INFO  com.moises.messaging.evidence - PUBLISHED topic=orders-topic idempotencyKey=volume-21-b68060d6-177b-4c7d-9a6b-79caf51486a1 payload=com.moises.messaging.dto.OrderRequest@4f9c414a
2026-08-11 23:30:44.011 [main] INFO  com.moises.messaging.evidence - TEST_PUBLISHED idempotencyKey=volume-21-b68060d6-177b-4c7d-9a6b-79caf51486a1 payload=com.moises.messaging.dto.OrderRequest@1dbecb0a
2026-08-11 23:30:44.032 [http-nio-auto-1-exec-10] INFO  com.moises.messaging.evidence - PUBLISHED topic=orders-topic idempotencyKey=volume-22-302e6256-98ce-4719-afd0-7d412c12972e payload=com.moises.messaging.dto.OrderRequest@2580736b
2026-08-11 23:30:44.034 [main] INFO  com.moises.messaging.evidence - TEST_PUBLISHED idempotencyKey=volume-22-302e6256-98ce-4719-afd0-7d412c12972e payload=com.moises.messaging.dto.OrderRequest@1af1aae9
2026-08-11 23:30:44.048 [http-nio-auto-1-exec-1] INFO  com.moises.messaging.evidence - PUBLISHED topic=orders-topic idempotencyKey=volume-23-3efec46d-d13f-48e5-b5a2-b96bd4598fcf payload=com.moises.messaging.dto.OrderRequest@27874ca2
2026-08-11 23:30:44.051 [main] INFO  com.moises.messaging.evidence - TEST_PUBLISHED idempotencyKey=volume-23-3efec46d-d13f-48e5-b5a2-b96bd4598fcf payload=com.moises.messaging.dto.OrderRequest@31ca510a
2026-08-11 23:30:44.051 [org.springframework.kafka.KafkaListenerEndpointContainer#0-0-C-1] INFO  com.moises.messaging.evidence - PERSISTED idempotencyKey=volume-10-2b0af977-dad5-4d10-9034-f2826ea32d83 orderId=9278474e-89d5-4011-8511-8419a9480ae8 status=RECEIVED
2026-08-11 23:30:44.066 [http-nio-auto-1-exec-2] INFO  com.moises.messaging.evidence - PUBLISHED topic=orders-topic idempotencyKey=volume-24-9f44fea4-1aae-43bf-aca1-e1b064e070e3 payload=com.moises.messaging.dto.OrderRequest@611c7cac
2026-08-11 23:30:44.072 [main] INFO  com.moises.messaging.evidence - TEST_PUBLISHED idempotencyKey=volume-24-9f44fea4-1aae-43bf-aca1-e1b064e070e3 payload=com.moises.messaging.dto.OrderRequest@437b2db1
2026-08-11 23:30:44.092 [http-nio-auto-1-exec-3] INFO  com.moises.messaging.evidence - PUBLISHED topic=orders-topic idempotencyKey=volume-25-e279265f-3e30-4ff6-9a92-3b905ec8cd76 payload=com.moises.messaging.dto.OrderRequest@239baded
2026-08-11 23:30:44.096 [main] INFO  com.moises.messaging.evidence - TEST_PUBLISHED idempotencyKey=volume-25-e279265f-3e30-4ff6-9a92-3b905ec8cd76 payload=com.moises.messaging.dto.OrderRequest@2876584f
2026-08-11 23:30:44.108 [http-nio-auto-1-exec-4] INFO  com.moises.messaging.evidence - PUBLISHED topic=orders-topic idempotencyKey=volume-26-9ce60729-5d40-4373-a64c-80898cb8bb6e payload=com.moises.messaging.dto.OrderRequest@65b79a58
2026-08-11 23:30:44.109 [main] INFO  com.moises.messaging.evidence - TEST_PUBLISHED idempotencyKey=volume-26-9ce60729-5d40-4373-a64c-80898cb8bb6e payload=com.moises.messaging.dto.OrderRequest@3f47094a
2026-08-11 23:30:44.117 [org.springframework.kafka.KafkaListenerEndpointContainer#0-0-C-1] INFO  com.moises.messaging.evidence - PERSISTED idempotencyKey=volume-11-fe299796-6a7b-4ff2-a49c-5296dacdcb28 orderId=76e97d72-200c-41cb-981c-b9517c24b796 status=RECEIVED
2026-08-11 23:30:44.123 [http-nio-auto-1-exec-5] INFO  com.moises.messaging.evidence - PUBLISHED topic=orders-topic idempotencyKey=volume-27-cd99ce69-81ba-40c0-80d6-bd81f652f264 payload=com.moises.messaging.dto.OrderRequest@72042a60
2026-08-11 23:30:44.125 [main] INFO  com.moises.messaging.evidence - TEST_PUBLISHED idempotencyKey=volume-27-cd99ce69-81ba-40c0-80d6-bd81f652f264 payload=com.moises.messaging.dto.OrderRequest@5c664da9
2026-08-11 23:30:44.139 [org.springframework.kafka.KafkaListenerEndpointContainer#0-0-C-1] INFO  com.moises.messaging.evidence - PERSISTED idempotencyKey=volume-12-d7b24706-220f-4c55-9efb-d2e1c5e52810 orderId=05026ff0-9bd4-4ea7-946f-c62d79718e7c status=RECEIVED
2026-08-11 23:30:44.139 [http-nio-auto-1-exec-6] INFO  com.moises.messaging.evidence - PUBLISHED topic=orders-topic idempotencyKey=volume-28-b4f4e4e0-b99d-4ac2-970e-509fac109bcf payload=com.moises.messaging.dto.OrderRequest@59f08b16
2026-08-11 23:30:44.141 [main] INFO  com.moises.messaging.evidence - TEST_PUBLISHED idempotencyKey=volume-28-b4f4e4e0-b99d-4ac2-970e-509fac109bcf payload=com.moises.messaging.dto.OrderRequest@46eaf531
2026-08-11 23:30:44.154 [http-nio-auto-1-exec-7] INFO  com.moises.messaging.evidence - PUBLISHED topic=orders-topic idempotencyKey=volume-29-0920addd-8303-4d91-a9e7-cdb332f8f629 payload=com.moises.messaging.dto.OrderRequest@15dbe5e7
2026-08-11 23:30:44.156 [main] INFO  com.moises.messaging.evidence - TEST_PUBLISHED idempotencyKey=volume-29-0920addd-8303-4d91-a9e7-cdb332f8f629 payload=com.moises.messaging.dto.OrderRequest@5c447983
2026-08-11 23:30:44.164 [org.springframework.kafka.KafkaListenerEndpointContainer#0-0-C-1] INFO  com.moises.messaging.evidence - PERSISTED idempotencyKey=volume-13-11d7a75f-b76a-4d31-be00-5eb663d45818 orderId=4a0abac4-8918-48b6-ba6c-c0ff2632c3db status=RECEIVED
2026-08-11 23:30:44.169 [http-nio-auto-1-exec-8] INFO  com.moises.messaging.evidence - PUBLISHED topic=orders-topic idempotencyKey=volume-30-3ea9a0b9-52f6-49dd-bd5e-a52280753cf9 payload=com.moises.messaging.dto.OrderRequest@1717c1c7
2026-08-11 23:30:44.171 [main] INFO  com.moises.messaging.evidence - TEST_PUBLISHED idempotencyKey=volume-30-3ea9a0b9-52f6-49dd-bd5e-a52280753cf9 payload=com.moises.messaging.dto.OrderRequest@5b4e3618
2026-08-11 23:30:44.178 [org.springframework.kafka.KafkaListenerEndpointContainer#0-0-C-1] INFO  com.moises.messaging.evidence - PERSISTED idempotencyKey=volume-14-0227027f-bee4-45b3-a4cf-39c907c4340b orderId=fa68d11d-2cb6-43fe-bd6e-d1f59d65e0a0 status=RECEIVED
2026-08-11 23:30:44.185 [http-nio-auto-1-exec-9] INFO  com.moises.messaging.evidence - PUBLISHED topic=orders-topic idempotencyKey=volume-31-df7d0eae-a23f-492b-9c3c-bab1fca5ddb1 payload=com.moises.messaging.dto.OrderRequest@1e870753
2026-08-11 23:30:44.186 [main] INFO  com.moises.messaging.evidence - TEST_PUBLISHED idempotencyKey=volume-31-df7d0eae-a23f-492b-9c3c-bab1fca5ddb1 payload=com.moises.messaging.dto.OrderRequest@352b23dd
2026-08-11 23:30:44.200 [http-nio-auto-1-exec-10] INFO  com.moises.messaging.evidence - PUBLISHED topic=orders-topic idempotencyKey=volume-32-9c28dd34-629a-4384-b461-ab309276a955 payload=com.moises.messaging.dto.OrderRequest@74f13927
2026-08-11 23:30:44.202 [main] INFO  com.moises.messaging.evidence - TEST_PUBLISHED idempotencyKey=volume-32-9c28dd34-629a-4384-b461-ab309276a955 payload=com.moises.messaging.dto.OrderRequest@24f90b34
2026-08-11 23:30:44.207 [org.springframework.kafka.KafkaListenerEndpointContainer#0-0-C-1] INFO  com.moises.messaging.evidence - PERSISTED idempotencyKey=volume-15-24cba059-02da-4e01-ae5a-236e47398e1e orderId=aaf04d4e-c1f0-458a-bdf5-8adbe9c8e3dd status=RECEIVED
2026-08-11 23:30:44.216 [http-nio-auto-1-exec-1] INFO  com.moises.messaging.evidence - PUBLISHED topic=orders-topic idempotencyKey=volume-33-041ea5c1-2780-4c96-98fc-0e5d3f4f4dbe payload=com.moises.messaging.dto.OrderRequest@4e758911
2026-08-11 23:30:44.219 [main] INFO  com.moises.messaging.evidence - TEST_PUBLISHED idempotencyKey=volume-33-041ea5c1-2780-4c96-98fc-0e5d3f4f4dbe payload=com.moises.messaging.dto.OrderRequest@5b8ee649
2026-08-11 23:30:44.231 [http-nio-auto-1-exec-2] INFO  com.moises.messaging.evidence - PUBLISHED topic=orders-topic idempotencyKey=volume-34-bf0f6189-e65a-4945-8fa3-4eeed4f41702 payload=com.moises.messaging.dto.OrderRequest@75344567
2026-08-11 23:30:44.233 [main] INFO  com.moises.messaging.evidence - TEST_PUBLISHED idempotencyKey=volume-34-bf0f6189-e65a-4945-8fa3-4eeed4f41702 payload=com.moises.messaging.dto.OrderRequest@71daf5d6
2026-08-11 23:30:44.246 [http-nio-auto-1-exec-3] INFO  com.moises.messaging.evidence - PUBLISHED topic=orders-topic idempotencyKey=volume-35-588eb7b3-4dfa-44bb-96a9-81bfe6b22155 payload=com.moises.messaging.dto.OrderRequest@45aacfc9
2026-08-11 23:30:44.248 [main] INFO  com.moises.messaging.evidence - TEST_PUBLISHED idempotencyKey=volume-35-588eb7b3-4dfa-44bb-96a9-81bfe6b22155 payload=com.moises.messaging.dto.OrderRequest@1d0305fb
2026-08-11 23:30:44.250 [org.springframework.kafka.KafkaListenerEndpointContainer#0-0-C-1] INFO  com.moises.messaging.evidence - PERSISTED idempotencyKey=volume-16-4e54e5d6-3862-4626-9758-34d5843a69e9 orderId=9b494f85-b18a-4fd2-a7b4-c4424a02844d status=RECEIVED
2026-08-11 23:30:44.262 [http-nio-auto-1-exec-4] INFO  com.moises.messaging.evidence - PUBLISHED topic=orders-topic idempotencyKey=volume-36-153824cf-9d05-462b-966a-6f60405caece payload=com.moises.messaging.dto.OrderRequest@14b7c49b
2026-08-11 23:30:44.265 [main] INFO  com.moises.messaging.evidence - TEST_PUBLISHED idempotencyKey=volume-36-153824cf-9d05-462b-966a-6f60405caece payload=com.moises.messaging.dto.OrderRequest@714f1dc4
2026-08-11 23:30:44.272 [org.springframework.kafka.KafkaListenerEndpointContainer#0-0-C-1] INFO  com.moises.messaging.evidence - PERSISTED idempotencyKey=volume-17-3b8c62d9-297c-42b7-a78f-14aa25bc5311 orderId=8c1e4ae4-1ebd-4670-9e04-940b622a6533 status=RECEIVED
2026-08-11 23:30:44.278 [http-nio-auto-1-exec-5] INFO  com.moises.messaging.evidence - PUBLISHED topic=orders-topic idempotencyKey=volume-37-e4af0072-a5ad-4269-853d-5f9a665e8f39 payload=com.moises.messaging.dto.OrderRequest@4b7bc538
2026-08-11 23:30:44.284 [main] INFO  com.moises.messaging.evidence - TEST_PUBLISHED idempotencyKey=volume-37-e4af0072-a5ad-4269-853d-5f9a665e8f39 payload=com.moises.messaging.dto.OrderRequest@5d5f010a
2026-08-11 23:30:44.295 [http-nio-auto-1-exec-6] INFO  com.moises.messaging.evidence - PUBLISHED topic=orders-topic idempotencyKey=volume-38-5782b66e-024e-4333-9750-3e9e6ec91bd7 payload=com.moises.messaging.dto.OrderRequest@217005aa
2026-08-11 23:30:44.298 [main] INFO  com.moises.messaging.evidence - TEST_PUBLISHED idempotencyKey=volume-38-5782b66e-024e-4333-9750-3e9e6ec91bd7 payload=com.moises.messaging.dto.OrderRequest@7b8d2b32
2026-08-11 23:30:44.309 [http-nio-auto-1-exec-7] INFO  com.moises.messaging.evidence - PUBLISHED topic=orders-topic idempotencyKey=volume-39-a0af934d-67d6-46a1-840a-4f3760fbe02b payload=com.moises.messaging.dto.OrderRequest@36a2db61
2026-08-11 23:30:44.310 [org.springframework.kafka.KafkaListenerEndpointContainer#0-0-C-1] INFO  com.moises.messaging.evidence - PERSISTED idempotencyKey=volume-18-f2b5a1f3-8303-494c-9c99-7a948a46f958 orderId=4e33491b-5a1a-4f92-888f-60153d8f0120 status=RECEIVED
2026-08-11 23:30:44.310 [main] INFO  com.moises.messaging.evidence - TEST_PUBLISHED idempotencyKey=volume-39-a0af934d-67d6-46a1-840a-4f3760fbe02b payload=com.moises.messaging.dto.OrderRequest@7e24d565
2026-08-11 23:30:44.324 [http-nio-auto-1-exec-8] INFO  com.moises.messaging.evidence - PUBLISHED topic=orders-topic idempotencyKey=volume-40-4d6781cb-0ad7-4d8c-ba20-414ef200525e payload=com.moises.messaging.dto.OrderRequest@2da2c79c
2026-08-11 23:30:44.326 [main] INFO  com.moises.messaging.evidence - TEST_PUBLISHED idempotencyKey=volume-40-4d6781cb-0ad7-4d8c-ba20-414ef200525e payload=com.moises.messaging.dto.OrderRequest@778c5658
2026-08-11 23:30:44.341 [http-nio-auto-1-exec-9] INFO  com.moises.messaging.evidence - PUBLISHED topic=orders-topic idempotencyKey=volume-41-152e7950-3dec-4a18-88d6-ecc7e681c910 payload=com.moises.messaging.dto.OrderRequest@280d1d9c
2026-08-11 23:30:44.342 [main] INFO  com.moises.messaging.evidence - TEST_PUBLISHED idempotencyKey=volume-41-152e7950-3dec-4a18-88d6-ecc7e681c910 payload=com.moises.messaging.dto.OrderRequest@52fe4ef2
2026-08-11 23:30:44.359 [http-nio-auto-1-exec-10] INFO  com.moises.messaging.evidence - PUBLISHED topic=orders-topic idempotencyKey=volume-42-7b445578-e91c-4e05-9321-8efe5ca66d53 payload=com.moises.messaging.dto.OrderRequest@69601a34
2026-08-11 23:30:44.361 [org.springframework.kafka.KafkaListenerEndpointContainer#0-0-C-1] INFO  com.moises.messaging.evidence - PERSISTED idempotencyKey=volume-19-b3f4b7ee-1b77-496a-98cb-c3d663324c2c orderId=59e6c89f-caf4-43db-b146-66a4544bc1b9 status=RECEIVED
2026-08-11 23:30:44.363 [main] INFO  com.moises.messaging.evidence - TEST_PUBLISHED idempotencyKey=volume-42-7b445578-e91c-4e05-9321-8efe5ca66d53 payload=com.moises.messaging.dto.OrderRequest@40383b24
2026-08-11 23:30:44.370 [http-nio-auto-1-exec-1] INFO  com.moises.messaging.evidence - PUBLISHED topic=orders-topic idempotencyKey=volume-43-a6dddb74-0371-4165-912d-7a49f030d253 payload=com.moises.messaging.dto.OrderRequest@2677301c
2026-08-11 23:30:44.372 [main] INFO  com.moises.messaging.evidence - TEST_PUBLISHED idempotencyKey=volume-43-a6dddb74-0371-4165-912d-7a49f030d253 payload=com.moises.messaging.dto.OrderRequest@186f51bb
2026-08-11 23:30:44.378 [org.springframework.kafka.KafkaListenerEndpointContainer#0-0-C-1] INFO  com.moises.messaging.evidence - PERSISTED idempotencyKey=volume-20-667dba9b-38a3-4657-ab51-8be172dd3cb4 orderId=016f24e8-601b-4ca3-b255-68cebb2107a4 status=RECEIVED
2026-08-11 23:30:44.386 [http-nio-auto-1-exec-2] INFO  com.moises.messaging.evidence - PUBLISHED topic=orders-topic idempotencyKey=volume-44-52c30c8c-0959-4bcb-b67e-b8bfc6ca1036 payload=com.moises.messaging.dto.OrderRequest@6552e109
2026-08-11 23:30:44.392 [main] INFO  com.moises.messaging.evidence - TEST_PUBLISHED idempotencyKey=volume-44-52c30c8c-0959-4bcb-b67e-b8bfc6ca1036 payload=com.moises.messaging.dto.OrderRequest@dc4fa78
2026-08-11 23:30:44.403 [http-nio-auto-1-exec-3] INFO  com.moises.messaging.evidence - PUBLISHED topic=orders-topic idempotencyKey=volume-45-2aa4f7a1-6e76-4ce9-9146-6cc473538114 payload=com.moises.messaging.dto.OrderRequest@27d572cf
2026-08-11 23:30:44.404 [main] INFO  com.moises.messaging.evidence - TEST_PUBLISHED idempotencyKey=volume-45-2aa4f7a1-6e76-4ce9-9146-6cc473538114 payload=com.moises.messaging.dto.OrderRequest@2d6dbcec
2026-08-11 23:30:44.412 [org.springframework.kafka.KafkaListenerEndpointContainer#0-0-C-1] INFO  com.moises.messaging.evidence - PERSISTED idempotencyKey=volume-21-b68060d6-177b-4c7d-9a6b-79caf51486a1 orderId=3ffb6a05-e9b9-4308-b8c3-739460a709a3 status=RECEIVED
2026-08-11 23:30:44.420 [http-nio-auto-1-exec-4] INFO  com.moises.messaging.evidence - PUBLISHED topic=orders-topic idempotencyKey=volume-46-0f77629e-261d-4613-a150-12a12f15ae33 payload=com.moises.messaging.dto.OrderRequest@61f9035e
2026-08-11 23:30:44.422 [main] INFO  com.moises.messaging.evidence - TEST_PUBLISHED idempotencyKey=volume-46-0f77629e-261d-4613-a150-12a12f15ae33 payload=com.moises.messaging.dto.OrderRequest@2c8d537e
2026-08-11 23:30:44.432 [http-nio-auto-1-exec-5] INFO  com.moises.messaging.evidence - PUBLISHED topic=orders-topic idempotencyKey=volume-47-dc70d6b4-54de-4762-a253-d0d5ba9ecae6 payload=com.moises.messaging.dto.OrderRequest@764a34d5
2026-08-11 23:30:44.434 [org.springframework.kafka.KafkaListenerEndpointContainer#0-0-C-1] INFO  com.moises.messaging.evidence - PERSISTED idempotencyKey=volume-22-302e6256-98ce-4719-afd0-7d412c12972e orderId=4435fd97-b7dd-4308-a4d9-2e563980b30f status=RECEIVED
2026-08-11 23:30:44.434 [main] INFO  com.moises.messaging.evidence - TEST_PUBLISHED idempotencyKey=volume-47-dc70d6b4-54de-4762-a253-d0d5ba9ecae6 payload=com.moises.messaging.dto.OrderRequest@4e0d2ddd
2026-08-11 23:30:44.448 [http-nio-auto-1-exec-6] INFO  com.moises.messaging.evidence - PUBLISHED topic=orders-topic idempotencyKey=volume-48-61a37b4b-4e9c-46da-92b9-7870a831421a payload=com.moises.messaging.dto.OrderRequest@4640601b
2026-08-11 23:30:44.450 [main] INFO  com.moises.messaging.evidence - TEST_PUBLISHED idempotencyKey=volume-48-61a37b4b-4e9c-46da-92b9-7870a831421a payload=com.moises.messaging.dto.OrderRequest@64b0195e
2026-08-11 23:30:44.450 [org.springframework.kafka.KafkaListenerEndpointContainer#0-0-C-1] INFO  com.moises.messaging.evidence - PERSISTED idempotencyKey=volume-23-3efec46d-d13f-48e5-b5a2-b96bd4598fcf orderId=d74a82a1-5e95-4cab-bc50-c9aceb96c866 status=RECEIVED
2026-08-11 23:30:44.462 [http-nio-auto-1-exec-7] INFO  com.moises.messaging.evidence - PUBLISHED topic=orders-topic idempotencyKey=volume-49-2579642a-1cc1-48af-8edb-43a8772084ad payload=com.moises.messaging.dto.OrderRequest@3952c275
2026-08-11 23:30:44.464 [main] INFO  com.moises.messaging.evidence - TEST_PUBLISHED idempotencyKey=volume-49-2579642a-1cc1-48af-8edb-43a8772084ad payload=com.moises.messaging.dto.OrderRequest@24fa43f8
2026-08-11 23:30:44.467 [org.springframework.kafka.KafkaListenerEndpointContainer#0-0-C-1] INFO  com.moises.messaging.evidence - PERSISTED idempotencyKey=volume-24-9f44fea4-1aae-43bf-aca1-e1b064e070e3 orderId=a0ed343e-6f53-4fb5-85c7-f3289953ec78 status=RECEIVED
2026-08-11 23:30:44.478 [http-nio-auto-1-exec-8] INFO  com.moises.messaging.evidence - PUBLISHED topic=orders-topic idempotencyKey=volume-50-f07c0d5d-15b9-45bc-a36e-dbff2dee9269 payload=com.moises.messaging.dto.OrderRequest@35090bf2
2026-08-11 23:30:44.479 [main] INFO  com.moises.messaging.evidence - TEST_PUBLISHED idempotencyKey=volume-50-f07c0d5d-15b9-45bc-a36e-dbff2dee9269 payload=com.moises.messaging.dto.OrderRequest@622ae2ba
2026-08-11 23:30:44.481 [org.springframework.kafka.KafkaListenerEndpointContainer#0-0-C-1] INFO  com.moises.messaging.evidence - PERSISTED idempotencyKey=volume-25-e279265f-3e30-4ff6-9a92-3b905ec8cd76 orderId=47162f81-5e75-4dc9-b85b-33d66ef43146 status=RECEIVED
2026-08-11 23:30:44.494 [http-nio-auto-1-exec-9] INFO  com.moises.messaging.evidence - PUBLISHED topic=orders-topic idempotencyKey=volume-51-23029c67-1bdd-4362-a7a8-f22f0c34282f payload=com.moises.messaging.dto.OrderRequest@1ac9fd6d
2026-08-11 23:30:44.495 [main] INFO  com.moises.messaging.evidence - TEST_PUBLISHED idempotencyKey=volume-51-23029c67-1bdd-4362-a7a8-f22f0c34282f payload=com.moises.messaging.dto.OrderRequest@45ee48e7
2026-08-11 23:30:44.508 [http-nio-auto-1-exec-10] INFO  com.moises.messaging.evidence - PUBLISHED topic=orders-topic idempotencyKey=volume-52-83b60760-2a17-4b1c-b9f0-da226cb2cbe0 payload=com.moises.messaging.dto.OrderRequest@70bfa177
2026-08-11 23:30:44.510 [main] INFO  com.moises.messaging.evidence - TEST_PUBLISHED idempotencyKey=volume-52-83b60760-2a17-4b1c-b9f0-da226cb2cbe0 payload=com.moises.messaging.dto.OrderRequest@2170c3ed
2026-08-11 23:30:44.521 [org.springframework.kafka.KafkaListenerEndpointContainer#0-0-C-1] INFO  com.moises.messaging.evidence - PERSISTED idempotencyKey=volume-26-9ce60729-5d40-4373-a64c-80898cb8bb6e orderId=8090ecc2-4d86-4ff5-9c28-c5640b499023 status=RECEIVED
2026-08-11 23:30:44.524 [http-nio-auto-1-exec-1] INFO  com.moises.messaging.evidence - PUBLISHED topic=orders-topic idempotencyKey=volume-53-4a0a9ccc-712b-44fd-aefa-71b00fadceb3 payload=com.moises.messaging.dto.OrderRequest@1a9a3415
2026-08-11 23:30:44.526 [main] INFO  com.moises.messaging.evidence - TEST_PUBLISHED idempotencyKey=volume-53-4a0a9ccc-712b-44fd-aefa-71b00fadceb3 payload=com.moises.messaging.dto.OrderRequest@57e3a1b8
2026-08-11 23:30:44.539 [http-nio-auto-1-exec-2] INFO  com.moises.messaging.evidence - PUBLISHED topic=orders-topic idempotencyKey=volume-54-ac6b6c92-46df-4654-a7bc-72d08a7e1c17 payload=com.moises.messaging.dto.OrderRequest@771b0678
2026-08-11 23:30:44.540 [org.springframework.kafka.KafkaListenerEndpointContainer#0-0-C-1] INFO  com.moises.messaging.evidence - PERSISTED idempotencyKey=volume-27-cd99ce69-81ba-40c0-80d6-bd81f652f264 orderId=65e4e5d0-b016-4068-a883-7e7aebbdcef0 status=RECEIVED
2026-08-11 23:30:44.541 [main] INFO  com.moises.messaging.evidence - TEST_PUBLISHED idempotencyKey=volume-54-ac6b6c92-46df-4654-a7bc-72d08a7e1c17 payload=com.moises.messaging.dto.OrderRequest@62e9a6cc
2026-08-11 23:30:44.552 [org.springframework.kafka.KafkaListenerEndpointContainer#0-0-C-1] INFO  com.moises.messaging.evidence - PERSISTED idempotencyKey=volume-28-b4f4e4e0-b99d-4ac2-970e-509fac109bcf orderId=2cf0e3ae-455b-4605-a3e4-f50cc3653ba1 status=RECEIVED
2026-08-11 23:30:44.554 [http-nio-auto-1-exec-3] INFO  com.moises.messaging.evidence - PUBLISHED topic=orders-topic idempotencyKey=volume-55-ba8e97d0-128b-4bdd-86ce-79b944f70c13 payload=com.moises.messaging.dto.OrderRequest@23109fc5
2026-08-11 23:30:44.555 [main] INFO  com.moises.messaging.evidence - TEST_PUBLISHED idempotencyKey=volume-55-ba8e97d0-128b-4bdd-86ce-79b944f70c13 payload=com.moises.messaging.dto.OrderRequest@55f77306
2026-08-11 23:30:44.566 [org.springframework.kafka.KafkaListenerEndpointContainer#0-0-C-1] INFO  com.moises.messaging.evidence - PERSISTED idempotencyKey=volume-29-0920addd-8303-4d91-a9e7-cdb332f8f629 orderId=8f05c4be-1d73-4963-8d41-026894c633f7 status=RECEIVED
2026-08-11 23:30:44.570 [http-nio-auto-1-exec-4] INFO  com.moises.messaging.evidence - PUBLISHED topic=orders-topic idempotencyKey=volume-56-9c435f8a-dc81-4bec-b6c8-25f2e3a457ff payload=com.moises.messaging.dto.OrderRequest@6eb59052
2026-08-11 23:30:44.572 [main] INFO  com.moises.messaging.evidence - TEST_PUBLISHED idempotencyKey=volume-56-9c435f8a-dc81-4bec-b6c8-25f2e3a457ff payload=com.moises.messaging.dto.OrderRequest@723fadfe
2026-08-11 23:30:44.577 [org.springframework.kafka.KafkaListenerEndpointContainer#0-0-C-1] INFO  com.moises.messaging.evidence - PERSISTED idempotencyKey=volume-30-3ea9a0b9-52f6-49dd-bd5e-a52280753cf9 orderId=81776573-99b9-4510-908a-c9474481a424 status=RECEIVED
2026-08-11 23:30:44.584 [http-nio-auto-1-exec-5] INFO  com.moises.messaging.evidence - PUBLISHED topic=orders-topic idempotencyKey=volume-57-32e935ac-781a-4cc9-94e3-2989c6dc89a1 payload=com.moises.messaging.dto.OrderRequest@7816357a
2026-08-11 23:30:44.586 [main] INFO  com.moises.messaging.evidence - TEST_PUBLISHED idempotencyKey=volume-57-32e935ac-781a-4cc9-94e3-2989c6dc89a1 payload=com.moises.messaging.dto.OrderRequest@389b2c60
2026-08-11 23:30:44.594 [org.springframework.kafka.KafkaListenerEndpointContainer#0-0-C-1] INFO  com.moises.messaging.evidence - PERSISTED idempotencyKey=volume-31-df7d0eae-a23f-492b-9c3c-bab1fca5ddb1 orderId=6258dbd1-07b3-44f3-a422-a7c6f359a289 status=RECEIVED
2026-08-11 23:30:44.600 [http-nio-auto-1-exec-6] INFO  com.moises.messaging.evidence - PUBLISHED topic=orders-topic idempotencyKey=volume-58-cf891bf2-94f6-4641-a2a4-4640507ddf18 payload=com.moises.messaging.dto.OrderRequest@4cde969f
2026-08-11 23:30:44.601 [main] INFO  com.moises.messaging.evidence - TEST_PUBLISHED idempotencyKey=volume-58-cf891bf2-94f6-4641-a2a4-4640507ddf18 payload=com.moises.messaging.dto.OrderRequest@176b3279
2026-08-11 23:30:44.607 [org.springframework.kafka.KafkaListenerEndpointContainer#0-0-C-1] INFO  com.moises.messaging.evidence - PERSISTED idempotencyKey=volume-32-9c28dd34-629a-4384-b461-ab309276a955 orderId=a4934bac-a12b-4550-aeb9-9137a988c892 status=RECEIVED
2026-08-11 23:30:44.616 [http-nio-auto-1-exec-7] INFO  com.moises.messaging.evidence - PUBLISHED topic=orders-topic idempotencyKey=volume-59-1db2f86c-09cc-473c-8b58-cfce5327aebb payload=com.moises.messaging.dto.OrderRequest@4245ac74
2026-08-11 23:30:44.618 [main] INFO  com.moises.messaging.evidence - TEST_PUBLISHED idempotencyKey=volume-59-1db2f86c-09cc-473c-8b58-cfce5327aebb payload=com.moises.messaging.dto.OrderRequest@796a1cd1
2026-08-11 23:30:44.623 [org.springframework.kafka.KafkaListenerEndpointContainer#0-0-C-1] INFO  com.moises.messaging.evidence - PERSISTED idempotencyKey=volume-33-041ea5c1-2780-4c96-98fc-0e5d3f4f4dbe orderId=ee9cd3c7-58fc-4edc-838c-2751f034e302 status=RECEIVED
2026-08-11 23:30:44.634 [http-nio-auto-1-exec-8] INFO  com.moises.messaging.evidence - PUBLISHED topic=orders-topic idempotencyKey=volume-60-2cf314b7-0c3e-40c2-b8e0-9c88b6196ea1 payload=com.moises.messaging.dto.OrderRequest@234ec8be
2026-08-11 23:30:44.637 [main] INFO  com.moises.messaging.evidence - TEST_PUBLISHED idempotencyKey=volume-60-2cf314b7-0c3e-40c2-b8e0-9c88b6196ea1 payload=com.moises.messaging.dto.OrderRequest@76b51e5f
2026-08-11 23:30:44.640 [org.springframework.kafka.KafkaListenerEndpointContainer#0-0-C-1] INFO  com.moises.messaging.evidence - PERSISTED idempotencyKey=volume-34-bf0f6189-e65a-4945-8fa3-4eeed4f41702 orderId=621ce07b-e81c-4d35-8ad2-8401871ac2b4 status=RECEIVED
2026-08-11 23:30:44.647 [http-nio-auto-1-exec-9] INFO  com.moises.messaging.evidence - PUBLISHED topic=orders-topic idempotencyKey=volume-61-92cf7f2f-7404-4e31-b1e4-9835e6a99759 payload=com.moises.messaging.dto.OrderRequest@6b3c0045
2026-08-11 23:30:44.650 [main] INFO  com.moises.messaging.evidence - TEST_PUBLISHED idempotencyKey=volume-61-92cf7f2f-7404-4e31-b1e4-9835e6a99759 payload=com.moises.messaging.dto.OrderRequest@17acd4c5
2026-08-11 23:30:44.663 [http-nio-auto-1-exec-10] INFO  com.moises.messaging.evidence - PUBLISHED topic=orders-topic idempotencyKey=volume-62-c416ddbc-bd8c-453d-a776-4467df0e3350 payload=com.moises.messaging.dto.OrderRequest@3f8024e1
2026-08-11 23:30:44.665 [main] INFO  com.moises.messaging.evidence - TEST_PUBLISHED idempotencyKey=volume-62-c416ddbc-bd8c-453d-a776-4467df0e3350 payload=com.moises.messaging.dto.OrderRequest@591ad4b3
2026-08-11 23:30:44.669 [org.springframework.kafka.KafkaListenerEndpointContainer#0-0-C-1] INFO  com.moises.messaging.evidence - PERSISTED idempotencyKey=volume-35-588eb7b3-4dfa-44bb-96a9-81bfe6b22155 orderId=3a07eeda-e164-4c6f-8d8b-4dc29633f15e status=RECEIVED
2026-08-11 23:30:44.678 [http-nio-auto-1-exec-1] INFO  com.moises.messaging.evidence - PUBLISHED topic=orders-topic idempotencyKey=volume-63-86b01a1d-2b84-468d-918f-bc920467ed1e payload=com.moises.messaging.dto.OrderRequest@7ac949bc
2026-08-11 23:30:44.679 [main] INFO  com.moises.messaging.evidence - TEST_PUBLISHED idempotencyKey=volume-63-86b01a1d-2b84-468d-918f-bc920467ed1e payload=com.moises.messaging.dto.OrderRequest@70bfc7d5
2026-08-11 23:30:44.682 [org.springframework.kafka.KafkaListenerEndpointContainer#0-0-C-1] INFO  com.moises.messaging.evidence - PERSISTED idempotencyKey=volume-36-153824cf-9d05-462b-966a-6f60405caece orderId=90129db7-c50f-4ddb-b2f1-b66fd8c89867 status=RECEIVED
2026-08-11 23:30:44.694 [http-nio-auto-1-exec-2] INFO  com.moises.messaging.evidence - PUBLISHED topic=orders-topic idempotencyKey=volume-64-cb727da7-9ce3-4dad-86d6-db9366507758 payload=com.moises.messaging.dto.OrderRequest@2a777304
2026-08-11 23:30:44.696 [org.springframework.kafka.KafkaListenerEndpointContainer#0-0-C-1] INFO  com.moises.messaging.evidence - PERSISTED idempotencyKey=volume-37-e4af0072-a5ad-4269-853d-5f9a665e8f39 orderId=6bf79f43-c3e8-4f2a-8769-f611e74dc859 status=RECEIVED
2026-08-11 23:30:44.696 [main] INFO  com.moises.messaging.evidence - TEST_PUBLISHED idempotencyKey=volume-64-cb727da7-9ce3-4dad-86d6-db9366507758 payload=com.moises.messaging.dto.OrderRequest@2ea6687b
2026-08-11 23:30:44.707 [org.springframework.kafka.KafkaListenerEndpointContainer#0-0-C-1] INFO  com.moises.messaging.evidence - PERSISTED idempotencyKey=volume-38-5782b66e-024e-4333-9750-3e9e6ec91bd7 orderId=846a41c3-2f3e-4577-bc6c-0b62db879e7b status=RECEIVED
2026-08-11 23:30:44.708 [http-nio-auto-1-exec-3] INFO  com.moises.messaging.evidence - PUBLISHED topic=orders-topic idempotencyKey=volume-65-47b5cff2-376d-4543-ac83-a99f76abbce9 payload=com.moises.messaging.dto.OrderRequest@c65f393
2026-08-11 23:30:44.711 [main] INFO  com.moises.messaging.evidence - TEST_PUBLISHED idempotencyKey=volume-65-47b5cff2-376d-4543-ac83-a99f76abbce9 payload=com.moises.messaging.dto.OrderRequest@5fdd9b96
2026-08-11 23:30:44.725 [http-nio-auto-1-exec-4] INFO  com.moises.messaging.evidence - PUBLISHED topic=orders-topic idempotencyKey=volume-66-b7c17582-8b31-4622-8cfe-c094f0b60da0 payload=com.moises.messaging.dto.OrderRequest@56f18681
2026-08-11 23:30:44.725 [org.springframework.kafka.KafkaListenerEndpointContainer#0-0-C-1] INFO  com.moises.messaging.evidence - PERSISTED idempotencyKey=volume-39-a0af934d-67d6-46a1-840a-4f3760fbe02b orderId=3d4d7d99-53ea-46a2-bb5d-d5cf27c91cdd status=RECEIVED
2026-08-11 23:30:44.726 [main] INFO  com.moises.messaging.evidence - TEST_PUBLISHED idempotencyKey=volume-66-b7c17582-8b31-4622-8cfe-c094f0b60da0 payload=com.moises.messaging.dto.OrderRequest@50ed6392
2026-08-11 23:30:44.737 [org.springframework.kafka.KafkaListenerEndpointContainer#0-0-C-1] INFO  com.moises.messaging.evidence - PERSISTED idempotencyKey=volume-40-4d6781cb-0ad7-4d8c-ba20-414ef200525e orderId=d891469a-c9c8-4dc9-81ed-62ea8d130abe status=RECEIVED
2026-08-11 23:30:44.741 [http-nio-auto-1-exec-5] INFO  com.moises.messaging.evidence - PUBLISHED topic=orders-topic idempotencyKey=volume-67-7ddfd0cf-4742-4cd2-aab0-63587026b22f payload=com.moises.messaging.dto.OrderRequest@82d1506
2026-08-11 23:30:44.743 [main] INFO  com.moises.messaging.evidence - TEST_PUBLISHED idempotencyKey=volume-67-7ddfd0cf-4742-4cd2-aab0-63587026b22f payload=com.moises.messaging.dto.OrderRequest@5ee29735
2026-08-11 23:30:44.750 [org.springframework.kafka.KafkaListenerEndpointContainer#0-0-C-1] INFO  com.moises.messaging.evidence - PERSISTED idempotencyKey=volume-41-152e7950-3dec-4a18-88d6-ecc7e681c910 orderId=7ef46885-bbc1-4833-bda7-3e765d5a5057 status=RECEIVED
2026-08-11 23:30:44.757 [http-nio-auto-1-exec-6] INFO  com.moises.messaging.evidence - PUBLISHED topic=orders-topic idempotencyKey=volume-68-2be44640-10f0-4f31-af71-a3c7cb45395f payload=com.moises.messaging.dto.OrderRequest@3dd83f0c
2026-08-11 23:30:44.760 [main] INFO  com.moises.messaging.evidence - TEST_PUBLISHED idempotencyKey=volume-68-2be44640-10f0-4f31-af71-a3c7cb45395f payload=com.moises.messaging.dto.OrderRequest@431ac922
2026-08-11 23:30:44.765 [org.springframework.kafka.KafkaListenerEndpointContainer#0-0-C-1] INFO  com.moises.messaging.evidence - PERSISTED idempotencyKey=volume-42-7b445578-e91c-4e05-9321-8efe5ca66d53 orderId=01a4a6ab-1da9-4d60-9a8a-62d6bb577411 status=RECEIVED
2026-08-11 23:30:44.771 [http-nio-auto-1-exec-7] INFO  com.moises.messaging.evidence - PUBLISHED topic=orders-topic idempotencyKey=volume-69-3e2d0d0a-09f0-4f8b-92ea-f8d281f197ca payload=com.moises.messaging.dto.OrderRequest@797a3536
2026-08-11 23:30:44.772 [main] INFO  com.moises.messaging.evidence - TEST_PUBLISHED idempotencyKey=volume-69-3e2d0d0a-09f0-4f8b-92ea-f8d281f197ca payload=com.moises.messaging.dto.OrderRequest@70a8ebfc
2026-08-11 23:30:44.775 [org.springframework.kafka.KafkaListenerEndpointContainer#0-0-C-1] INFO  com.moises.messaging.evidence - PERSISTED idempotencyKey=volume-43-a6dddb74-0371-4165-912d-7a49f030d253 orderId=021b9df6-a57a-4c8e-9230-36c8e48c8699 status=RECEIVED
2026-08-11 23:30:44.783 [org.springframework.kafka.KafkaListenerEndpointContainer#0-0-C-1] INFO  com.moises.messaging.evidence - PERSISTED idempotencyKey=volume-44-52c30c8c-0959-4bcb-b67e-b8bfc6ca1036 orderId=e9ab8946-b1de-4f7c-9634-44fc7502cfc9 status=RECEIVED
2026-08-11 23:30:44.786 [http-nio-auto-1-exec-8] INFO  com.moises.messaging.evidence - PUBLISHED topic=orders-topic idempotencyKey=volume-70-c6da9d0d-5c2d-425c-994f-7978b68e6e30 payload=com.moises.messaging.dto.OrderRequest@dcdd4d9
2026-08-11 23:30:44.788 [main] INFO  com.moises.messaging.evidence - TEST_PUBLISHED idempotencyKey=volume-70-c6da9d0d-5c2d-425c-994f-7978b68e6e30 payload=com.moises.messaging.dto.OrderRequest@4be2f788
2026-08-11 23:30:44.800 [org.springframework.kafka.KafkaListenerEndpointContainer#0-0-C-1] INFO  com.moises.messaging.evidence - PERSISTED idempotencyKey=volume-45-2aa4f7a1-6e76-4ce9-9146-6cc473538114 orderId=59bbb3f6-0390-4d3c-b1bb-44c037227fd8 status=RECEIVED
2026-08-11 23:30:44.801 [http-nio-auto-1-exec-9] INFO  com.moises.messaging.evidence - PUBLISHED topic=orders-topic idempotencyKey=volume-71-b3d92450-3ccd-43d0-ac77-3920934d7ba7 payload=com.moises.messaging.dto.OrderRequest@14f231c1
2026-08-11 23:30:44.803 [main] INFO  com.moises.messaging.evidence - TEST_PUBLISHED idempotencyKey=volume-71-b3d92450-3ccd-43d0-ac77-3920934d7ba7 payload=com.moises.messaging.dto.OrderRequest@1f39afe
2026-08-11 23:30:44.810 [org.springframework.kafka.KafkaListenerEndpointContainer#0-0-C-1] INFO  com.moises.messaging.evidence - PERSISTED idempotencyKey=volume-46-0f77629e-261d-4613-a150-12a12f15ae33 orderId=435786a4-8d8c-45ce-8be1-eb4eec2824f8 status=RECEIVED
2026-08-11 23:30:44.817 [http-nio-auto-1-exec-10] INFO  com.moises.messaging.evidence - PUBLISHED topic=orders-topic idempotencyKey=volume-72-ae14c481-d28e-4166-9343-e8fc7dfb1de7 payload=com.moises.messaging.dto.OrderRequest@6b554eb5
2026-08-11 23:30:44.819 [main] INFO  com.moises.messaging.evidence - TEST_PUBLISHED idempotencyKey=volume-72-ae14c481-d28e-4166-9343-e8fc7dfb1de7 payload=com.moises.messaging.dto.OrderRequest@1435103b
2026-08-11 23:30:44.821 [org.springframework.kafka.KafkaListenerEndpointContainer#0-0-C-1] INFO  com.moises.messaging.evidence - PERSISTED idempotencyKey=volume-47-dc70d6b4-54de-4762-a253-d0d5ba9ecae6 orderId=7a92cb91-64ee-467d-9a2a-66f03c8ac444 status=RECEIVED
2026-08-11 23:30:44.831 [org.springframework.kafka.KafkaListenerEndpointContainer#0-0-C-1] INFO  com.moises.messaging.evidence - PERSISTED idempotencyKey=volume-48-61a37b4b-4e9c-46da-92b9-7870a831421a orderId=1ab06785-5c30-4daf-8d25-3042601dea78 status=RECEIVED
2026-08-11 23:30:44.832 [http-nio-auto-1-exec-1] INFO  com.moises.messaging.evidence - PUBLISHED topic=orders-topic idempotencyKey=volume-73-992b9149-81b2-450a-9e97-0b3c08a7226e payload=com.moises.messaging.dto.OrderRequest@6195f752
2026-08-11 23:30:44.834 [main] INFO  com.moises.messaging.evidence - TEST_PUBLISHED idempotencyKey=volume-73-992b9149-81b2-450a-9e97-0b3c08a7226e payload=com.moises.messaging.dto.OrderRequest@2375fe4a
2026-08-11 23:30:44.841 [org.springframework.kafka.KafkaListenerEndpointContainer#0-0-C-1] INFO  com.moises.messaging.evidence - PERSISTED idempotencyKey=volume-49-2579642a-1cc1-48af-8edb-43a8772084ad orderId=41f8e9af-2c29-4fbb-a5fd-efa1bbc8d5cf status=RECEIVED
2026-08-11 23:30:44.847 [http-nio-auto-1-exec-2] INFO  com.moises.messaging.evidence - PUBLISHED topic=orders-topic idempotencyKey=volume-74-e4225136-f5ab-4aff-9f20-a4c79d725b4b payload=com.moises.messaging.dto.OrderRequest@3e1bfa0f
2026-08-11 23:30:44.849 [main] INFO  com.moises.messaging.evidence - TEST_PUBLISHED idempotencyKey=volume-74-e4225136-f5ab-4aff-9f20-a4c79d725b4b payload=com.moises.messaging.dto.OrderRequest@7f77131b
2026-08-11 23:30:44.851 [org.springframework.kafka.KafkaListenerEndpointContainer#0-0-C-1] INFO  com.moises.messaging.evidence - PERSISTED idempotencyKey=volume-50-f07c0d5d-15b9-45bc-a36e-dbff2dee9269 orderId=abc10880-215f-4a4f-a83f-b2bb9ea26826 status=RECEIVED
2026-08-11 23:30:44.861 [org.springframework.kafka.KafkaListenerEndpointContainer#0-0-C-1] INFO  com.moises.messaging.evidence - PERSISTED idempotencyKey=volume-51-23029c67-1bdd-4362-a7a8-f22f0c34282f orderId=587f662c-9e64-484f-abc6-7cdf7b9f3eaf status=RECEIVED
2026-08-11 23:30:44.863 [http-nio-auto-1-exec-3] INFO  com.moises.messaging.evidence - PUBLISHED topic=orders-topic idempotencyKey=volume-75-2c07bbe8-fd06-4247-aaea-2769d7bd7afa payload=com.moises.messaging.dto.OrderRequest@25217a73
2026-08-11 23:30:44.865 [main] INFO  com.moises.messaging.evidence - TEST_PUBLISHED idempotencyKey=volume-75-2c07bbe8-fd06-4247-aaea-2769d7bd7afa payload=com.moises.messaging.dto.OrderRequest@62ce5261
2026-08-11 23:30:44.872 [org.springframework.kafka.KafkaListenerEndpointContainer#0-0-C-1] INFO  com.moises.messaging.evidence - PERSISTED idempotencyKey=volume-52-83b60760-2a17-4b1c-b9f0-da226cb2cbe0 orderId=ec3c7f18-7ed9-41ed-9aa5-68d56e8b55a4 status=RECEIVED
2026-08-11 23:30:44.879 [http-nio-auto-1-exec-4] INFO  com.moises.messaging.evidence - PUBLISHED topic=orders-topic idempotencyKey=volume-76-74924d84-48c6-4199-985a-c1e69772bac5 payload=com.moises.messaging.dto.OrderRequest@30163432
2026-08-11 23:30:44.881 [main] INFO  com.moises.messaging.evidence - TEST_PUBLISHED idempotencyKey=volume-76-74924d84-48c6-4199-985a-c1e69772bac5 payload=com.moises.messaging.dto.OrderRequest@5e4632cb
2026-08-11 23:30:44.886 [org.springframework.kafka.KafkaListenerEndpointContainer#0-0-C-1] INFO  com.moises.messaging.evidence - PERSISTED idempotencyKey=volume-53-4a0a9ccc-712b-44fd-aefa-71b00fadceb3 orderId=cb9c71de-dff7-43ba-a045-214da5ff289a status=RECEIVED
2026-08-11 23:30:44.897 [http-nio-auto-1-exec-5] INFO  com.moises.messaging.evidence - PUBLISHED topic=orders-topic idempotencyKey=volume-77-942217bd-560d-44cb-b67b-49df53b0e5fe payload=com.moises.messaging.dto.OrderRequest@2791782a
2026-08-11 23:30:44.900 [main] INFO  com.moises.messaging.evidence - TEST_PUBLISHED idempotencyKey=volume-77-942217bd-560d-44cb-b67b-49df53b0e5fe payload=com.moises.messaging.dto.OrderRequest@524d00e7
2026-08-11 23:30:44.918 [http-nio-auto-1-exec-6] INFO  com.moises.messaging.evidence - PUBLISHED topic=orders-topic idempotencyKey=volume-78-ad1c062d-d27c-4790-9b6a-a28b91307005 payload=com.moises.messaging.dto.OrderRequest@7ccfbb22
2026-08-11 23:30:44.918 [org.springframework.kafka.KafkaListenerEndpointContainer#0-0-C-1] INFO  com.moises.messaging.evidence - PERSISTED idempotencyKey=volume-54-ac6b6c92-46df-4654-a7bc-72d08a7e1c17 orderId=bfa6d1f6-cd49-4370-a45d-b764a43be437 status=RECEIVED
2026-08-11 23:30:44.922 [main] INFO  com.moises.messaging.evidence - TEST_PUBLISHED idempotencyKey=volume-78-ad1c062d-d27c-4790-9b6a-a28b91307005 payload=com.moises.messaging.dto.OrderRequest@15652e7e
2026-08-11 23:30:44.937 [org.springframework.kafka.KafkaListenerEndpointContainer#0-0-C-1] INFO  com.moises.messaging.evidence - PERSISTED idempotencyKey=volume-55-ba8e97d0-128b-4bdd-86ce-79b944f70c13 orderId=f351c5f4-ab74-477a-a5e8-8a3da72840df status=RECEIVED
2026-08-11 23:30:44.941 [http-nio-auto-1-exec-7] INFO  com.moises.messaging.evidence - PUBLISHED topic=orders-topic idempotencyKey=volume-79-96c1cb57-a134-4d45-be46-e8681c6bf66d payload=com.moises.messaging.dto.OrderRequest@1479e520
2026-08-11 23:30:44.943 [main] INFO  com.moises.messaging.evidence - TEST_PUBLISHED idempotencyKey=volume-79-96c1cb57-a134-4d45-be46-e8681c6bf66d payload=com.moises.messaging.dto.OrderRequest@5a83be9
2026-08-11 23:30:44.959 [http-nio-auto-1-exec-8] INFO  com.moises.messaging.evidence - PUBLISHED topic=orders-topic idempotencyKey=volume-80-77a6ab38-0550-433a-acc5-216756070742 payload=com.moises.messaging.dto.OrderRequest@1b2ba602
2026-08-11 23:30:44.961 [main] INFO  com.moises.messaging.evidence - TEST_PUBLISHED idempotencyKey=volume-80-77a6ab38-0550-433a-acc5-216756070742 payload=com.moises.messaging.dto.OrderRequest@6a9781fd
2026-08-11 23:30:44.966 [org.springframework.kafka.KafkaListenerEndpointContainer#0-0-C-1] INFO  com.moises.messaging.evidence - PERSISTED idempotencyKey=volume-56-9c435f8a-dc81-4bec-b6c8-25f2e3a457ff orderId=9c038b50-a65e-4602-92d8-970ff219f993 status=RECEIVED
2026-08-11 23:30:44.973 [http-nio-auto-1-exec-9] INFO  com.moises.messaging.evidence - PUBLISHED topic=orders-topic idempotencyKey=volume-81-e6b1daeb-3225-4adc-8fe7-ec88b9f6f6a5 payload=com.moises.messaging.dto.OrderRequest@5cd3c9a8
2026-08-11 23:30:44.976 [main] INFO  com.moises.messaging.evidence - TEST_PUBLISHED idempotencyKey=volume-81-e6b1daeb-3225-4adc-8fe7-ec88b9f6f6a5 payload=com.moises.messaging.dto.OrderRequest@50e7ee70
2026-08-11 23:30:44.991 [http-nio-auto-1-exec-10] INFO  com.moises.messaging.evidence - PUBLISHED topic=orders-topic idempotencyKey=volume-82-9dcbb8da-bd00-4437-9780-20f69d115011 payload=com.moises.messaging.dto.OrderRequest@42ae27b5
2026-08-11 23:30:44.992 [main] INFO  com.moises.messaging.evidence - TEST_PUBLISHED idempotencyKey=volume-82-9dcbb8da-bd00-4437-9780-20f69d115011 payload=com.moises.messaging.dto.OrderRequest@6c4d3ccc
2026-08-11 23:30:44.999 [org.springframework.kafka.KafkaListenerEndpointContainer#0-0-C-1] INFO  com.moises.messaging.evidence - PERSISTED idempotencyKey=volume-57-32e935ac-781a-4cc9-94e3-2989c6dc89a1 orderId=f5710f50-d1f3-4920-ab07-17ddba716aec status=RECEIVED
2026-08-11 23:30:45.003 [http-nio-auto-1-exec-1] INFO  com.moises.messaging.evidence - PUBLISHED topic=orders-topic idempotencyKey=volume-83-e7e6fd12-a685-4b99-a3e5-42ee19da917a payload=com.moises.messaging.dto.OrderRequest@3f78229a
2026-08-11 23:30:45.006 [main] INFO  com.moises.messaging.evidence - TEST_PUBLISHED idempotencyKey=volume-83-e7e6fd12-a685-4b99-a3e5-42ee19da917a payload=com.moises.messaging.dto.OrderRequest@287e35df
2026-08-11 23:30:45.018 [http-nio-auto-1-exec-2] INFO  com.moises.messaging.evidence - PUBLISHED topic=orders-topic idempotencyKey=volume-84-0e60d18c-9ef3-4b89-b027-aa0a47b94a5e payload=com.moises.messaging.dto.OrderRequest@b432300
2026-08-11 23:30:45.022 [main] INFO  com.moises.messaging.evidence - TEST_PUBLISHED idempotencyKey=volume-84-0e60d18c-9ef3-4b89-b027-aa0a47b94a5e payload=com.moises.messaging.dto.OrderRequest@7eb0c144
2026-08-11 23:30:45.024 [org.springframework.kafka.KafkaListenerEndpointContainer#0-0-C-1] INFO  com.moises.messaging.evidence - PERSISTED idempotencyKey=volume-58-cf891bf2-94f6-4641-a2a4-4640507ddf18 orderId=5b238647-ff63-4b37-999d-101b1ec94fb3 status=RECEIVED
2026-08-11 23:30:45.037 [http-nio-auto-1-exec-3] INFO  com.moises.messaging.evidence - PUBLISHED topic=orders-topic idempotencyKey=volume-85-d7fabe18-7041-44bb-aff0-81a1da3d9438 payload=com.moises.messaging.dto.OrderRequest@535638cf
2026-08-11 23:30:45.039 [main] INFO  com.moises.messaging.evidence - TEST_PUBLISHED idempotencyKey=volume-85-d7fabe18-7041-44bb-aff0-81a1da3d9438 payload=com.moises.messaging.dto.OrderRequest@11cb348c
2026-08-11 23:30:45.043 [org.springframework.kafka.KafkaListenerEndpointContainer#0-0-C-1] INFO  com.moises.messaging.evidence - PERSISTED idempotencyKey=volume-59-1db2f86c-09cc-473c-8b58-cfce5327aebb orderId=89516d26-825d-487e-9b9b-eff0b16de2f9 status=RECEIVED
2026-08-11 23:30:45.050 [http-nio-auto-1-exec-4] INFO  com.moises.messaging.evidence - PUBLISHED topic=orders-topic idempotencyKey=volume-86-171e6b31-d759-4726-908c-33cd78f14eea payload=com.moises.messaging.dto.OrderRequest@495f5fdd
2026-08-11 23:30:45.052 [main] INFO  com.moises.messaging.evidence - TEST_PUBLISHED idempotencyKey=volume-86-171e6b31-d759-4726-908c-33cd78f14eea payload=com.moises.messaging.dto.OrderRequest@1465d125
2026-08-11 23:30:45.066 [http-nio-auto-1-exec-5] INFO  com.moises.messaging.evidence - PUBLISHED topic=orders-topic idempotencyKey=volume-87-4926b8bf-b0ed-4369-92f3-4eee117e5d74 payload=com.moises.messaging.dto.OrderRequest@5b8bc05d
2026-08-11 23:30:45.069 [main] INFO  com.moises.messaging.evidence - TEST_PUBLISHED idempotencyKey=volume-87-4926b8bf-b0ed-4369-92f3-4eee117e5d74 payload=com.moises.messaging.dto.OrderRequest@4d6cdebb
2026-08-11 23:30:45.084 [org.springframework.kafka.KafkaListenerEndpointContainer#0-0-C-1] INFO  com.moises.messaging.evidence - PERSISTED idempotencyKey=volume-60-2cf314b7-0c3e-40c2-b8e0-9c88b6196ea1 orderId=047b2341-d16e-4277-8f6f-cb8060d21592 status=RECEIVED
2026-08-11 23:30:45.084 [http-nio-auto-1-exec-6] INFO  com.moises.messaging.evidence - PUBLISHED topic=orders-topic idempotencyKey=volume-88-ffc2b690-717e-42c7-94f4-b321c5185abc payload=com.moises.messaging.dto.OrderRequest@169da6fc
2026-08-11 23:30:45.086 [main] INFO  com.moises.messaging.evidence - TEST_PUBLISHED idempotencyKey=volume-88-ffc2b690-717e-42c7-94f4-b321c5185abc payload=com.moises.messaging.dto.OrderRequest@352e8cb3
2026-08-11 23:30:45.096 [http-nio-auto-1-exec-7] INFO  com.moises.messaging.evidence - PUBLISHED topic=orders-topic idempotencyKey=volume-89-9a082414-ee95-4cdc-be7d-3c0997b7d47b payload=com.moises.messaging.dto.OrderRequest@4a4752fc
2026-08-11 23:30:45.101 [main] INFO  com.moises.messaging.evidence - TEST_PUBLISHED idempotencyKey=volume-89-9a082414-ee95-4cdc-be7d-3c0997b7d47b payload=com.moises.messaging.dto.OrderRequest@7d89a1ce
2026-08-11 23:30:45.112 [http-nio-auto-1-exec-8] INFO  com.moises.messaging.evidence - PUBLISHED topic=orders-topic idempotencyKey=volume-90-5f032f27-e137-48ea-ae8e-38290c055e05 payload=com.moises.messaging.dto.OrderRequest@38b8758f
2026-08-11 23:30:45.115 [main] INFO  com.moises.messaging.evidence - TEST_PUBLISHED idempotencyKey=volume-90-5f032f27-e137-48ea-ae8e-38290c055e05 payload=com.moises.messaging.dto.OrderRequest@47dfbba3
2026-08-11 23:30:45.119 [org.springframework.kafka.KafkaListenerEndpointContainer#0-0-C-1] INFO  com.moises.messaging.evidence - PERSISTED idempotencyKey=volume-61-92cf7f2f-7404-4e31-b1e4-9835e6a99759 orderId=b4995a49-2838-47fb-a4bd-314321140373 status=RECEIVED
2026-08-11 23:30:45.129 [http-nio-auto-1-exec-9] INFO  com.moises.messaging.evidence - PUBLISHED topic=orders-topic idempotencyKey=volume-91-51cb1358-3b0d-429b-b2bb-2fd1ada1a8d3 payload=com.moises.messaging.dto.OrderRequest@3432323c
2026-08-11 23:30:45.132 [main] INFO  com.moises.messaging.evidence - TEST_PUBLISHED idempotencyKey=volume-91-51cb1358-3b0d-429b-b2bb-2fd1ada1a8d3 payload=com.moises.messaging.dto.OrderRequest@6c6d3ce5
2026-08-11 23:30:45.143 [http-nio-auto-1-exec-10] INFO  com.moises.messaging.evidence - PUBLISHED topic=orders-topic idempotencyKey=volume-92-d012a3ec-b50a-4768-808b-55afc8b0bcad payload=com.moises.messaging.dto.OrderRequest@25a2a9d
2026-08-11 23:30:45.145 [main] INFO  com.moises.messaging.evidence - TEST_PUBLISHED idempotencyKey=volume-92-d012a3ec-b50a-4768-808b-55afc8b0bcad payload=com.moises.messaging.dto.OrderRequest@2de77ecf
2026-08-11 23:30:45.146 [org.springframework.kafka.KafkaListenerEndpointContainer#0-0-C-1] INFO  com.moises.messaging.evidence - PERSISTED idempotencyKey=volume-62-c416ddbc-bd8c-453d-a776-4467df0e3350 orderId=fbc6ed1e-3748-42ea-b9fb-8226f416d57c status=RECEIVED
2026-08-11 23:30:45.158 [http-nio-auto-1-exec-1] INFO  com.moises.messaging.evidence - PUBLISHED topic=orders-topic idempotencyKey=volume-93-e345fe13-ef7d-479c-9e37-f47f41e47cdb payload=com.moises.messaging.dto.OrderRequest@79d1474d
2026-08-11 23:30:45.162 [main] INFO  com.moises.messaging.evidence - TEST_PUBLISHED idempotencyKey=volume-93-e345fe13-ef7d-479c-9e37-f47f41e47cdb payload=com.moises.messaging.dto.OrderRequest@1d502d6c
2026-08-11 23:30:45.163 [org.springframework.kafka.KafkaListenerEndpointContainer#0-0-C-1] INFO  com.moises.messaging.evidence - PERSISTED idempotencyKey=volume-63-86b01a1d-2b84-468d-918f-bc920467ed1e orderId=7edcfb91-980a-4f26-becb-b8669d1dbeb9 status=RECEIVED
2026-08-11 23:30:45.173 [http-nio-auto-1-exec-2] INFO  com.moises.messaging.evidence - PUBLISHED topic=orders-topic idempotencyKey=volume-94-c98c9355-1c03-4051-9826-1de5499d8626 payload=com.moises.messaging.dto.OrderRequest@1bb0daa2
2026-08-11 23:30:45.175 [main] INFO  com.moises.messaging.evidence - TEST_PUBLISHED idempotencyKey=volume-94-c98c9355-1c03-4051-9826-1de5499d8626 payload=com.moises.messaging.dto.OrderRequest@27688fc6
2026-08-11 23:30:45.182 [org.springframework.kafka.KafkaListenerEndpointContainer#0-0-C-1] INFO  com.moises.messaging.evidence - PERSISTED idempotencyKey=volume-64-cb727da7-9ce3-4dad-86d6-db9366507758 orderId=513e08c5-d749-436f-9713-26877942202f status=RECEIVED
2026-08-11 23:30:45.189 [http-nio-auto-1-exec-3] INFO  com.moises.messaging.evidence - PUBLISHED topic=orders-topic idempotencyKey=volume-95-badd6e20-9861-4891-96b5-c35ba3ff22a1 payload=com.moises.messaging.dto.OrderRequest@3e3b11b7
2026-08-11 23:30:45.192 [main] INFO  com.moises.messaging.evidence - TEST_PUBLISHED idempotencyKey=volume-95-badd6e20-9861-4891-96b5-c35ba3ff22a1 payload=com.moises.messaging.dto.OrderRequest@226715da
2026-08-11 23:30:45.197 [org.springframework.kafka.KafkaListenerEndpointContainer#0-0-C-1] INFO  com.moises.messaging.evidence - PERSISTED idempotencyKey=volume-65-47b5cff2-376d-4543-ac83-a99f76abbce9 orderId=efb6581a-e69c-42bd-8a9e-cab74e65a50d status=RECEIVED
2026-08-11 23:30:45.203 [http-nio-auto-1-exec-4] INFO  com.moises.messaging.evidence - PUBLISHED topic=orders-topic idempotencyKey=volume-96-a3c81652-36ef-4fe0-8a94-a27d2d3bc5c7 payload=com.moises.messaging.dto.OrderRequest@220926c6
2026-08-11 23:30:45.204 [main] INFO  com.moises.messaging.evidence - TEST_PUBLISHED idempotencyKey=volume-96-a3c81652-36ef-4fe0-8a94-a27d2d3bc5c7 payload=com.moises.messaging.dto.OrderRequest@3460165f
2026-08-11 23:30:45.212 [org.springframework.kafka.KafkaListenerEndpointContainer#0-0-C-1] INFO  com.moises.messaging.evidence - PERSISTED idempotencyKey=volume-66-b7c17582-8b31-4622-8cfe-c094f0b60da0 orderId=cc5deef7-fba6-4cd2-81b6-b923d93c43bf status=RECEIVED
2026-08-11 23:30:45.220 [http-nio-auto-1-exec-5] INFO  com.moises.messaging.evidence - PUBLISHED topic=orders-topic idempotencyKey=volume-97-fa2cf66d-62ce-4399-a2f0-5cab19144f56 payload=com.moises.messaging.dto.OrderRequest@303e5b2a
2026-08-11 23:30:45.221 [main] INFO  com.moises.messaging.evidence - TEST_PUBLISHED idempotencyKey=volume-97-fa2cf66d-62ce-4399-a2f0-5cab19144f56 payload=com.moises.messaging.dto.OrderRequest@28c776f2
2026-08-11 23:30:45.232 [http-nio-auto-1-exec-6] INFO  com.moises.messaging.evidence - PUBLISHED topic=orders-topic idempotencyKey=volume-98-a71286db-6be7-4796-a37d-c67090474018 payload=com.moises.messaging.dto.OrderRequest@3e841ea3
2026-08-11 23:30:45.235 [main] INFO  com.moises.messaging.evidence - TEST_PUBLISHED idempotencyKey=volume-98-a71286db-6be7-4796-a37d-c67090474018 payload=com.moises.messaging.dto.OrderRequest@4bb2da93
2026-08-11 23:30:45.244 [org.springframework.kafka.KafkaListenerEndpointContainer#0-0-C-1] INFO  com.moises.messaging.evidence - PERSISTED idempotencyKey=volume-67-7ddfd0cf-4742-4cd2-aab0-63587026b22f orderId=4477ce20-0796-4338-8a56-7f8710fa6dfa status=RECEIVED
2026-08-11 23:30:45.251 [http-nio-auto-1-exec-7] INFO  com.moises.messaging.evidence - PUBLISHED topic=orders-topic idempotencyKey=volume-99-a74d3f98-bdcf-4023-a399-5cca970a80f8 payload=com.moises.messaging.dto.OrderRequest@6c00f98e
2026-08-11 23:30:45.252 [main] INFO  com.moises.messaging.evidence - TEST_PUBLISHED idempotencyKey=volume-99-a74d3f98-bdcf-4023-a399-5cca970a80f8 payload=com.moises.messaging.dto.OrderRequest@51e1dffa
2026-08-11 23:30:45.262 [org.springframework.kafka.KafkaListenerEndpointContainer#0-0-C-1] INFO  com.moises.messaging.evidence - PERSISTED idempotencyKey=volume-68-2be44640-10f0-4f31-af71-a3c7cb45395f orderId=9ba11bc1-05c0-4cc1-86e5-b9a6bc32a2b7 status=RECEIVED
2026-08-11 23:30:45.266 [http-nio-auto-1-exec-8] INFO  com.moises.messaging.evidence - PUBLISHED topic=orders-topic idempotencyKey=volume-100-971000d3-90e0-4b05-8ae6-0fba4ae18c43 payload=com.moises.messaging.dto.OrderRequest@1c101fe3
2026-08-11 23:30:45.267 [main] INFO  com.moises.messaging.evidence - TEST_PUBLISHED idempotencyKey=volume-100-971000d3-90e0-4b05-8ae6-0fba4ae18c43 payload=com.moises.messaging.dto.OrderRequest@6587f977
2026-08-11 23:30:45.282 [http-nio-auto-1-exec-9] INFO  com.moises.messaging.evidence - PUBLISHED topic=orders-topic idempotencyKey=volume-101-9fa63944-1d4f-48e5-ad2a-04877e39ec9b payload=com.moises.messaging.dto.OrderRequest@17407b1c
2026-08-11 23:30:45.285 [main] INFO  com.moises.messaging.evidence - TEST_PUBLISHED idempotencyKey=volume-101-9fa63944-1d4f-48e5-ad2a-04877e39ec9b payload=com.moises.messaging.dto.OrderRequest@76e463d3
2026-08-11 23:30:45.298 [org.springframework.kafka.KafkaListenerEndpointContainer#0-0-C-1] INFO  com.moises.messaging.evidence - PERSISTED idempotencyKey=volume-69-3e2d0d0a-09f0-4f8b-92ea-f8d281f197ca orderId=fb3ae894-9751-4971-b0c5-7a95cb74a3fd status=RECEIVED
2026-08-11 23:30:45.299 [http-nio-auto-1-exec-10] INFO  com.moises.messaging.evidence - PUBLISHED topic=orders-topic idempotencyKey=volume-102-2c04c955-c3fd-458b-8fa9-b4e6fc4a9018 payload=com.moises.messaging.dto.OrderRequest@70135537
2026-08-11 23:30:45.301 [main] INFO  com.moises.messaging.evidence - TEST_PUBLISHED idempotencyKey=volume-102-2c04c955-c3fd-458b-8fa9-b4e6fc4a9018 payload=com.moises.messaging.dto.OrderRequest@2b5f49de
2026-08-11 23:30:45.315 [http-nio-auto-1-exec-1] INFO  com.moises.messaging.evidence - PUBLISHED topic=orders-topic idempotencyKey=volume-103-8261fffa-f420-4f16-9f80-3e6f9d2daed8 payload=com.moises.messaging.dto.OrderRequest@6893d517
2026-08-11 23:30:45.315 [org.springframework.kafka.KafkaListenerEndpointContainer#0-0-C-1] INFO  com.moises.messaging.evidence - PERSISTED idempotencyKey=volume-70-c6da9d0d-5c2d-425c-994f-7978b68e6e30 orderId=d5d61277-4e07-4a86-90e8-142bc2daa3ba status=RECEIVED
2026-08-11 23:30:45.318 [main] INFO  com.moises.messaging.evidence - TEST_PUBLISHED idempotencyKey=volume-103-8261fffa-f420-4f16-9f80-3e6f9d2daed8 payload=com.moises.messaging.dto.OrderRequest@749e4d40
2026-08-11 23:30:45.330 [http-nio-auto-1-exec-2] INFO  com.moises.messaging.evidence - PUBLISHED topic=orders-topic idempotencyKey=volume-104-62aae31c-05ce-45a1-a65c-94a5d495c8d0 payload=com.moises.messaging.dto.OrderRequest@7fd2fd58
2026-08-11 23:30:45.332 [main] INFO  com.moises.messaging.evidence - TEST_PUBLISHED idempotencyKey=volume-104-62aae31c-05ce-45a1-a65c-94a5d495c8d0 payload=com.moises.messaging.dto.OrderRequest@2e884ee5
2026-08-11 23:30:45.338 [org.springframework.kafka.KafkaListenerEndpointContainer#0-0-C-1] INFO  com.moises.messaging.evidence - PERSISTED idempotencyKey=volume-71-b3d92450-3ccd-43d0-ac77-3920934d7ba7 orderId=a090f2b4-f3b9-40ec-88d2-d70428447dbb status=RECEIVED
2026-08-11 23:30:45.342 [http-nio-auto-1-exec-3] INFO  com.moises.messaging.evidence - PUBLISHED topic=orders-topic idempotencyKey=volume-105-8ba530bb-1c34-43a0-87d0-cc33e4f6b57b payload=com.moises.messaging.dto.OrderRequest@49f1fabd
2026-08-11 23:30:45.344 [main] INFO  com.moises.messaging.evidence - TEST_PUBLISHED idempotencyKey=volume-105-8ba530bb-1c34-43a0-87d0-cc33e4f6b57b payload=com.moises.messaging.dto.OrderRequest@7b274a1c
2026-08-11 23:30:45.358 [http-nio-auto-1-exec-4] INFO  com.moises.messaging.evidence - PUBLISHED topic=orders-topic idempotencyKey=volume-106-be4220ae-7d70-454e-aff4-4c6f871651b2 payload=com.moises.messaging.dto.OrderRequest@27d012c
2026-08-11 23:30:45.361 [main] INFO  com.moises.messaging.evidence - TEST_PUBLISHED idempotencyKey=volume-106-be4220ae-7d70-454e-aff4-4c6f871651b2 payload=com.moises.messaging.dto.OrderRequest@2a67ed1f
2026-08-11 23:30:45.365 [org.springframework.kafka.KafkaListenerEndpointContainer#0-0-C-1] INFO  com.moises.messaging.evidence - PERSISTED idempotencyKey=volume-72-ae14c481-d28e-4166-9343-e8fc7dfb1de7 orderId=4391dd69-0029-4bfc-a714-6c358e5a5b7b status=RECEIVED
2026-08-11 23:30:45.374 [http-nio-auto-1-exec-5] INFO  com.moises.messaging.evidence - PUBLISHED topic=orders-topic idempotencyKey=volume-107-b14b2098-1c47-4415-881c-bcba4c03e6eb payload=com.moises.messaging.dto.OrderRequest@7dac5a30
2026-08-11 23:30:45.375 [main] INFO  com.moises.messaging.evidence - TEST_PUBLISHED idempotencyKey=volume-107-b14b2098-1c47-4415-881c-bcba4c03e6eb payload=com.moises.messaging.dto.OrderRequest@2c15515e
2026-08-11 23:30:45.385 [org.springframework.kafka.KafkaListenerEndpointContainer#0-0-C-1] INFO  com.moises.messaging.evidence - PERSISTED idempotencyKey=volume-73-992b9149-81b2-450a-9e97-0b3c08a7226e orderId=2e082273-5da1-4eaa-b6a8-6e00d3595cf0 status=RECEIVED
2026-08-11 23:30:45.390 [http-nio-auto-1-exec-6] INFO  com.moises.messaging.evidence - PUBLISHED topic=orders-topic idempotencyKey=volume-108-4647ae9a-3f2f-49bb-90b6-174dd194b90e payload=com.moises.messaging.dto.OrderRequest@21577492
2026-08-11 23:30:45.391 [main] INFO  com.moises.messaging.evidence - TEST_PUBLISHED idempotencyKey=volume-108-4647ae9a-3f2f-49bb-90b6-174dd194b90e payload=com.moises.messaging.dto.OrderRequest@4086dd5f
2026-08-11 23:30:45.407 [http-nio-auto-1-exec-7] INFO  com.moises.messaging.evidence - PUBLISHED topic=orders-topic idempotencyKey=volume-109-8669a8f6-0e5a-4a66-a1c2-34954018772b payload=com.moises.messaging.dto.OrderRequest@1e5e3fcf
2026-08-11 23:30:45.410 [main] INFO  com.moises.messaging.evidence - TEST_PUBLISHED idempotencyKey=volume-109-8669a8f6-0e5a-4a66-a1c2-34954018772b payload=com.moises.messaging.dto.OrderRequest@1b018f9
2026-08-11 23:30:45.422 [http-nio-auto-1-exec-8] INFO  com.moises.messaging.evidence - PUBLISHED topic=orders-topic idempotencyKey=volume-110-2c693f83-31c3-47e4-8842-321df4a77816 payload=com.moises.messaging.dto.OrderRequest@3cdd0dd0
2026-08-11 23:30:45.423 [org.springframework.kafka.KafkaListenerEndpointContainer#0-0-C-1] INFO  com.moises.messaging.evidence - PERSISTED idempotencyKey=volume-74-e4225136-f5ab-4aff-9f20-a4c79d725b4b orderId=b848a58e-68d1-4e23-b395-a3e820ef3356 status=RECEIVED
2026-08-11 23:30:45.426 [main] INFO  com.moises.messaging.evidence - TEST_PUBLISHED idempotencyKey=volume-110-2c693f83-31c3-47e4-8842-321df4a77816 payload=com.moises.messaging.dto.OrderRequest@14aa12c5
2026-08-11 23:30:45.437 [http-nio-auto-1-exec-9] INFO  com.moises.messaging.evidence - PUBLISHED topic=orders-topic idempotencyKey=volume-111-bdf2c8a9-fdd9-45b9-9a44-20fb7bb430a1 payload=com.moises.messaging.dto.OrderRequest@58685a43
2026-08-11 23:30:45.439 [main] INFO  com.moises.messaging.evidence - TEST_PUBLISHED idempotencyKey=volume-111-bdf2c8a9-fdd9-45b9-9a44-20fb7bb430a1 payload=com.moises.messaging.dto.OrderRequest@12333eaf
2026-08-11 23:30:45.445 [org.springframework.kafka.KafkaListenerEndpointContainer#0-0-C-1] INFO  com.moises.messaging.evidence - PERSISTED idempotencyKey=volume-75-2c07bbe8-fd06-4247-aaea-2769d7bd7afa orderId=2b0c6615-b020-4f35-9965-e957809afd16 status=RECEIVED
2026-08-11 23:30:45.452 [http-nio-auto-1-exec-10] INFO  com.moises.messaging.evidence - PUBLISHED topic=orders-topic idempotencyKey=volume-112-2f1d99eb-0ec1-4c86-a6c8-2db8e271d265 payload=com.moises.messaging.dto.OrderRequest@3fccb86d
2026-08-11 23:30:45.455 [main] INFO  com.moises.messaging.evidence - TEST_PUBLISHED idempotencyKey=volume-112-2f1d99eb-0ec1-4c86-a6c8-2db8e271d265 payload=com.moises.messaging.dto.OrderRequest@64a96593
2026-08-11 23:30:45.466 [org.springframework.kafka.KafkaListenerEndpointContainer#0-0-C-1] INFO  com.moises.messaging.evidence - PERSISTED idempotencyKey=volume-76-74924d84-48c6-4199-985a-c1e69772bac5 orderId=b494fd9c-98d9-4912-b514-562531745e80 status=RECEIVED
2026-08-11 23:30:45.467 [http-nio-auto-1-exec-1] INFO  com.moises.messaging.evidence - PUBLISHED topic=orders-topic idempotencyKey=volume-113-2ca7fc24-9a87-4aac-8473-e5b7f3e48632 payload=com.moises.messaging.dto.OrderRequest@2cc082eb
2026-08-11 23:30:45.470 [main] INFO  com.moises.messaging.evidence - TEST_PUBLISHED idempotencyKey=volume-113-2ca7fc24-9a87-4aac-8473-e5b7f3e48632 payload=com.moises.messaging.dto.OrderRequest@65dfce2f
2026-08-11 23:30:45.482 [org.springframework.kafka.KafkaListenerEndpointContainer#0-0-C-1] INFO  com.moises.messaging.evidence - PERSISTED idempotencyKey=volume-77-942217bd-560d-44cb-b67b-49df53b0e5fe orderId=feb20136-ae4a-4adb-9595-5474284fdf6a status=RECEIVED
2026-08-11 23:30:45.483 [http-nio-auto-1-exec-2] INFO  com.moises.messaging.evidence - PUBLISHED topic=orders-topic idempotencyKey=volume-114-b606cdc1-8cfe-4f1a-b564-15f040eefeec payload=com.moises.messaging.dto.OrderRequest@4c7d426a
2026-08-11 23:30:45.486 [main] INFO  com.moises.messaging.evidence - TEST_PUBLISHED idempotencyKey=volume-114-b606cdc1-8cfe-4f1a-b564-15f040eefeec payload=com.moises.messaging.dto.OrderRequest@2127c46b
2026-08-11 23:30:45.499 [http-nio-auto-1-exec-3] INFO  com.moises.messaging.evidence - PUBLISHED topic=orders-topic idempotencyKey=volume-115-3c055d31-86cb-43b4-965c-e0cf89009821 payload=com.moises.messaging.dto.OrderRequest@7f74d40
2026-08-11 23:30:45.500 [main] INFO  com.moises.messaging.evidence - TEST_PUBLISHED idempotencyKey=volume-115-3c055d31-86cb-43b4-965c-e0cf89009821 payload=com.moises.messaging.dto.OrderRequest@2aea50a6
2026-08-11 23:30:45.508 [org.springframework.kafka.KafkaListenerEndpointContainer#0-0-C-1] INFO  com.moises.messaging.evidence - PERSISTED idempotencyKey=volume-78-ad1c062d-d27c-4790-9b6a-a28b91307005 orderId=91337876-7ad9-4dcd-85ef-d80d597e617d status=RECEIVED
2026-08-11 23:30:45.516 [http-nio-auto-1-exec-4] INFO  com.moises.messaging.evidence - PUBLISHED topic=orders-topic idempotencyKey=volume-116-4bb0a557-680b-47f5-81a5-54ed9961ef55 payload=com.moises.messaging.dto.OrderRequest@33c50c8f
2026-08-11 23:30:45.518 [main] INFO  com.moises.messaging.evidence - TEST_PUBLISHED idempotencyKey=volume-116-4bb0a557-680b-47f5-81a5-54ed9961ef55 payload=com.moises.messaging.dto.OrderRequest@5403d95
2026-08-11 23:30:45.531 [http-nio-auto-1-exec-5] INFO  com.moises.messaging.evidence - PUBLISHED topic=orders-topic idempotencyKey=volume-117-42ce4ace-8f49-4425-9d4a-e9b7331d2d10 payload=com.moises.messaging.dto.OrderRequest@324350a8
2026-08-11 23:30:45.538 [main] INFO  com.moises.messaging.evidence - TEST_PUBLISHED idempotencyKey=volume-117-42ce4ace-8f49-4425-9d4a-e9b7331d2d10 payload=com.moises.messaging.dto.OrderRequest@1e7535a4
2026-08-11 23:30:45.546 [http-nio-auto-1-exec-6] INFO  com.moises.messaging.evidence - PUBLISHED topic=orders-topic idempotencyKey=volume-118-577ee51f-c213-4dcf-9f80-586e7eeab96f payload=com.moises.messaging.dto.OrderRequest@1d2fc649
2026-08-11 23:30:45.547 [main] INFO  com.moises.messaging.evidence - TEST_PUBLISHED idempotencyKey=volume-118-577ee51f-c213-4dcf-9f80-586e7eeab96f payload=com.moises.messaging.dto.OrderRequest@1eeae9d
2026-08-11 23:30:45.562 [http-nio-auto-1-exec-7] INFO  com.moises.messaging.evidence - PUBLISHED topic=orders-topic idempotencyKey=volume-119-5392b61a-1168-4735-a2bf-d0fada811f9c payload=com.moises.messaging.dto.OrderRequest@184ab34e
2026-08-11 23:30:45.565 [main] INFO  com.moises.messaging.evidence - TEST_PUBLISHED idempotencyKey=volume-119-5392b61a-1168-4735-a2bf-d0fada811f9c payload=com.moises.messaging.dto.OrderRequest@7979b166
2026-08-11 23:30:45.580 [http-nio-auto-1-exec-8] INFO  com.moises.messaging.evidence - PUBLISHED topic=orders-topic idempotencyKey=volume-120-8720e292-90c4-433f-8528-3169639461ed payload=com.moises.messaging.dto.OrderRequest@171c2f15
2026-08-11 23:30:45.582 [main] INFO  com.moises.messaging.evidence - TEST_PUBLISHED idempotencyKey=volume-120-8720e292-90c4-433f-8528-3169639461ed payload=com.moises.messaging.dto.OrderRequest@7d518749
2026-08-11 23:30:45.586 [org.springframework.kafka.KafkaListenerEndpointContainer#0-0-C-1] INFO  com.moises.messaging.evidence - PERSISTED idempotencyKey=volume-79-96c1cb57-a134-4d45-be46-e8681c6bf66d orderId=a307f9bc-74e2-449a-af74-513efedc2d0f status=RECEIVED
2026-08-11 23:30:45.603 [http-nio-auto-1-exec-9] INFO  com.moises.messaging.evidence - PUBLISHED topic=orders-topic idempotencyKey=volume-121-4ba790af-552c-4e46-92e1-be511acf2c1e payload=com.moises.messaging.dto.OrderRequest@7a7a710f
2026-08-11 23:30:45.606 [main] INFO  com.moises.messaging.evidence - TEST_PUBLISHED idempotencyKey=volume-121-4ba790af-552c-4e46-92e1-be511acf2c1e payload=com.moises.messaging.dto.OrderRequest@4a3e5552
2026-08-11 23:30:45.626 [http-nio-auto-1-exec-10] INFO  com.moises.messaging.evidence - PUBLISHED topic=orders-topic idempotencyKey=volume-122-a8964623-2977-4748-9fb9-7af18afb224e payload=com.moises.messaging.dto.OrderRequest@c7d5569
2026-08-11 23:30:45.630 [main] INFO  com.moises.messaging.evidence - TEST_PUBLISHED idempotencyKey=volume-122-a8964623-2977-4748-9fb9-7af18afb224e payload=com.moises.messaging.dto.OrderRequest@3e5080ce
2026-08-11 23:30:45.641 [http-nio-auto-1-exec-1] INFO  com.moises.messaging.evidence - PUBLISHED topic=orders-topic idempotencyKey=volume-123-a15851d3-9d65-4f9b-9255-a1c639c233a5 payload=com.moises.messaging.dto.OrderRequest@465daa05
2026-08-11 23:30:45.650 [main] INFO  com.moises.messaging.evidence - TEST_PUBLISHED idempotencyKey=volume-123-a15851d3-9d65-4f9b-9255-a1c639c233a5 payload=com.moises.messaging.dto.OrderRequest@a16e4e3
2026-08-11 23:30:45.669 [http-nio-auto-1-exec-2] INFO  com.moises.messaging.evidence - PUBLISHED topic=orders-topic idempotencyKey=volume-124-643c241b-a098-488e-9022-6d6ad9ad8d91 payload=com.moises.messaging.dto.OrderRequest@15c14422
2026-08-11 23:30:45.671 [main] INFO  com.moises.messaging.evidence - TEST_PUBLISHED idempotencyKey=volume-124-643c241b-a098-488e-9022-6d6ad9ad8d91 payload=com.moises.messaging.dto.OrderRequest@7b0c4127
2026-08-11 23:30:45.677 [org.springframework.kafka.KafkaListenerEndpointContainer#0-0-C-1] INFO  com.moises.messaging.evidence - PERSISTED idempotencyKey=volume-80-77a6ab38-0550-433a-acc5-216756070742 orderId=e8fa5cc8-7030-4d61-9cf3-3584203de350 status=RECEIVED
2026-08-11 23:30:45.688 [http-nio-auto-1-exec-3] INFO  com.moises.messaging.evidence - PUBLISHED topic=orders-topic idempotencyKey=volume-125-d8f38420-85ee-47ed-96ec-b36413dfc8f7 payload=com.moises.messaging.dto.OrderRequest@73de3b5b
2026-08-11 23:30:45.689 [main] INFO  com.moises.messaging.evidence - TEST_PUBLISHED idempotencyKey=volume-125-d8f38420-85ee-47ed-96ec-b36413dfc8f7 payload=com.moises.messaging.dto.OrderRequest@43201fd1
2026-08-11 23:30:45.701 [http-nio-auto-1-exec-4] INFO  com.moises.messaging.evidence - PUBLISHED topic=orders-topic idempotencyKey=volume-126-ff96ac58-8f7f-4aec-84a4-347fd3d7e0fb payload=com.moises.messaging.dto.OrderRequest@1076bdd5
2026-08-11 23:30:45.701 [org.springframework.kafka.KafkaListenerEndpointContainer#0-0-C-1] INFO  com.moises.messaging.evidence - PERSISTED idempotencyKey=volume-81-e6b1daeb-3225-4adc-8fe7-ec88b9f6f6a5 orderId=f044ca9b-07d6-4154-bd8d-d4811325782b status=RECEIVED
2026-08-11 23:30:45.703 [main] INFO  com.moises.messaging.evidence - TEST_PUBLISHED idempotencyKey=volume-126-ff96ac58-8f7f-4aec-84a4-347fd3d7e0fb payload=com.moises.messaging.dto.OrderRequest@794ca18b
2026-08-11 23:30:45.717 [http-nio-auto-1-exec-5] INFO  com.moises.messaging.evidence - PUBLISHED topic=orders-topic idempotencyKey=volume-127-e9b61fb1-c603-41b2-aeda-5b58e8387ca3 payload=com.moises.messaging.dto.OrderRequest@52dc8680
2026-08-11 23:30:45.719 [main] INFO  com.moises.messaging.evidence - TEST_PUBLISHED idempotencyKey=volume-127-e9b61fb1-c603-41b2-aeda-5b58e8387ca3 payload=com.moises.messaging.dto.OrderRequest@44c073bd
2026-08-11 23:30:45.734 [http-nio-auto-1-exec-6] INFO  com.moises.messaging.evidence - PUBLISHED topic=orders-topic idempotencyKey=volume-128-0d18bcd5-83ee-461a-8fbd-eb464a2678c8 payload=com.moises.messaging.dto.OrderRequest@6935925a
2026-08-11 23:30:45.738 [main] INFO  com.moises.messaging.evidence - TEST_PUBLISHED idempotencyKey=volume-128-0d18bcd5-83ee-461a-8fbd-eb464a2678c8 payload=com.moises.messaging.dto.OrderRequest@5ddc077b
2026-08-11 23:30:45.751 [http-nio-auto-1-exec-7] INFO  com.moises.messaging.evidence - PUBLISHED topic=orders-topic idempotencyKey=volume-129-25a4e6dd-907a-46c3-94ff-208bfa2cd138 payload=com.moises.messaging.dto.OrderRequest@6be59ba4
2026-08-11 23:30:45.754 [main] INFO  com.moises.messaging.evidence - TEST_PUBLISHED idempotencyKey=volume-129-25a4e6dd-907a-46c3-94ff-208bfa2cd138 payload=com.moises.messaging.dto.OrderRequest@1ec14586
2026-08-11 23:30:45.763 [http-nio-auto-1-exec-8] INFO  com.moises.messaging.evidence - PUBLISHED topic=orders-topic idempotencyKey=volume-130-b6fefb3f-18d4-4ad0-9c50-1dab872c6039 payload=com.moises.messaging.dto.OrderRequest@14fb60a0
2026-08-11 23:30:45.767 [main] INFO  com.moises.messaging.evidence - TEST_PUBLISHED idempotencyKey=volume-130-b6fefb3f-18d4-4ad0-9c50-1dab872c6039 payload=com.moises.messaging.dto.OrderRequest@21def2c
2026-08-11 23:30:45.774 [org.springframework.kafka.KafkaListenerEndpointContainer#0-0-C-1] INFO  com.moises.messaging.evidence - PERSISTED idempotencyKey=volume-82-9dcbb8da-bd00-4437-9780-20f69d115011 orderId=0d4991ee-faa1-4c00-975a-edc8a239bfa0 status=RECEIVED
2026-08-11 23:30:45.784 [http-nio-auto-1-exec-9] INFO  com.moises.messaging.evidence - PUBLISHED topic=orders-topic idempotencyKey=volume-131-4b57d4f4-84c5-42e9-907a-428e8c130589 payload=com.moises.messaging.dto.OrderRequest@6c986232
2026-08-11 23:30:45.786 [main] INFO  com.moises.messaging.evidence - TEST_PUBLISHED idempotencyKey=volume-131-4b57d4f4-84c5-42e9-907a-428e8c130589 payload=com.moises.messaging.dto.OrderRequest@45072949
2026-08-11 23:30:45.792 [http-nio-auto-1-exec-10] INFO  com.moises.messaging.evidence - PUBLISHED topic=orders-topic idempotencyKey=volume-132-d9beae64-60a6-4a30-afb9-2069938bcadd payload=com.moises.messaging.dto.OrderRequest@3113336a
2026-08-11 23:30:45.793 [main] INFO  com.moises.messaging.evidence - TEST_PUBLISHED idempotencyKey=volume-132-d9beae64-60a6-4a30-afb9-2069938bcadd payload=com.moises.messaging.dto.OrderRequest@785d194d
2026-08-11 23:30:45.808 [http-nio-auto-1-exec-1] INFO  com.moises.messaging.evidence - PUBLISHED topic=orders-topic idempotencyKey=volume-133-a37ab96d-c6cb-407a-a936-f6009c3b086d payload=com.moises.messaging.dto.OrderRequest@738c5aae
2026-08-11 23:30:45.814 [main] INFO  com.moises.messaging.evidence - TEST_PUBLISHED idempotencyKey=volume-133-a37ab96d-c6cb-407a-a936-f6009c3b086d payload=com.moises.messaging.dto.OrderRequest@6c249eb5
2026-08-11 23:30:45.819 [org.springframework.kafka.KafkaListenerEndpointContainer#0-0-C-1] INFO  com.moises.messaging.evidence - PERSISTED idempotencyKey=volume-83-e7e6fd12-a685-4b99-a3e5-42ee19da917a orderId=af101752-0206-4cd4-b907-0101f1aa3c0f status=RECEIVED
2026-08-11 23:30:45.825 [http-nio-auto-1-exec-2] INFO  com.moises.messaging.evidence - PUBLISHED topic=orders-topic idempotencyKey=volume-134-f332b550-7a9d-4445-8ac6-064f6ff9c12f payload=com.moises.messaging.dto.OrderRequest@4dcb7cd7
2026-08-11 23:30:45.828 [main] INFO  com.moises.messaging.evidence - TEST_PUBLISHED idempotencyKey=volume-134-f332b550-7a9d-4445-8ac6-064f6ff9c12f payload=com.moises.messaging.dto.OrderRequest@1ad7892
2026-08-11 23:30:45.841 [http-nio-auto-1-exec-3] INFO  com.moises.messaging.evidence - PUBLISHED topic=orders-topic idempotencyKey=volume-135-66a23810-f697-4753-a64e-77f1d28cec99 payload=com.moises.messaging.dto.OrderRequest@1571bad3
2026-08-11 23:30:45.843 [main] INFO  com.moises.messaging.evidence - TEST_PUBLISHED idempotencyKey=volume-135-66a23810-f697-4753-a64e-77f1d28cec99 payload=com.moises.messaging.dto.OrderRequest@7d9c448f
2026-08-11 23:30:45.846 [org.springframework.kafka.KafkaListenerEndpointContainer#0-0-C-1] INFO  com.moises.messaging.evidence - PERSISTED idempotencyKey=volume-84-0e60d18c-9ef3-4b89-b027-aa0a47b94a5e orderId=aa849406-51af-49f5-919b-407627ac106b status=RECEIVED
2026-08-11 23:30:45.855 [http-nio-auto-1-exec-4] INFO  com.moises.messaging.evidence - PUBLISHED topic=orders-topic idempotencyKey=volume-136-070cc702-65ee-4780-a12a-3b9c062c92d9 payload=com.moises.messaging.dto.OrderRequest@5afed703
2026-08-11 23:30:45.857 [main] INFO  com.moises.messaging.evidence - TEST_PUBLISHED idempotencyKey=volume-136-070cc702-65ee-4780-a12a-3b9c062c92d9 payload=com.moises.messaging.dto.OrderRequest@6d1bbd00
2026-08-11 23:30:45.863 [org.springframework.kafka.KafkaListenerEndpointContainer#0-0-C-1] INFO  com.moises.messaging.evidence - PERSISTED idempotencyKey=volume-85-d7fabe18-7041-44bb-aff0-81a1da3d9438 orderId=6cd0777a-d935-4a41-a146-3b95b04f3338 status=RECEIVED
2026-08-11 23:30:45.870 [http-nio-auto-1-exec-5] INFO  com.moises.messaging.evidence - PUBLISHED topic=orders-topic idempotencyKey=volume-137-88b0da87-f48a-4bb3-a70f-8c10f31dd1d1 payload=com.moises.messaging.dto.OrderRequest@3f053091
2026-08-11 23:30:45.871 [main] INFO  com.moises.messaging.evidence - TEST_PUBLISHED idempotencyKey=volume-137-88b0da87-f48a-4bb3-a70f-8c10f31dd1d1 payload=com.moises.messaging.dto.OrderRequest@25824720
2026-08-11 23:30:45.888 [http-nio-auto-1-exec-6] INFO  com.moises.messaging.evidence - PUBLISHED topic=orders-topic idempotencyKey=volume-138-584acaf6-461d-4e88-9166-bd35957d9db1 payload=com.moises.messaging.dto.OrderRequest@c815cd1
2026-08-11 23:30:45.892 [main] INFO  com.moises.messaging.evidence - TEST_PUBLISHED idempotencyKey=volume-138-584acaf6-461d-4e88-9166-bd35957d9db1 payload=com.moises.messaging.dto.OrderRequest@4f01d2ea
2026-08-11 23:30:45.895 [org.springframework.kafka.KafkaListenerEndpointContainer#0-0-C-1] INFO  com.moises.messaging.evidence - PERSISTED idempotencyKey=volume-86-171e6b31-d759-4726-908c-33cd78f14eea orderId=3d2fc543-a02e-46da-a26e-d845dc7d00cc status=RECEIVED
2026-08-11 23:30:45.902 [http-nio-auto-1-exec-7] INFO  com.moises.messaging.evidence - PUBLISHED topic=orders-topic idempotencyKey=volume-139-8ca4e082-efbc-4248-81a5-81fbe1f6a0da payload=com.moises.messaging.dto.OrderRequest@3ac87fd3
2026-08-11 23:30:45.905 [main] INFO  com.moises.messaging.evidence - TEST_PUBLISHED idempotencyKey=volume-139-8ca4e082-efbc-4248-81a5-81fbe1f6a0da payload=com.moises.messaging.dto.OrderRequest@50a65fb9
2026-08-11 23:30:45.917 [http-nio-auto-1-exec-8] INFO  com.moises.messaging.evidence - PUBLISHED topic=orders-topic idempotencyKey=volume-140-d4bf89ea-4a8a-40b8-932b-5e6c1894c867 payload=com.moises.messaging.dto.OrderRequest@174770bd
2026-08-11 23:30:45.920 [main] INFO  com.moises.messaging.evidence - TEST_PUBLISHED idempotencyKey=volume-140-d4bf89ea-4a8a-40b8-932b-5e6c1894c867 payload=com.moises.messaging.dto.OrderRequest@60651b10
2026-08-11 23:30:45.926 [org.springframework.kafka.KafkaListenerEndpointContainer#0-0-C-1] INFO  com.moises.messaging.evidence - PERSISTED idempotencyKey=volume-87-4926b8bf-b0ed-4369-92f3-4eee117e5d74 orderId=c5df0833-30cb-4039-9511-2dd93a13fdfd status=RECEIVED
2026-08-11 23:30:45.934 [http-nio-auto-1-exec-9] INFO  com.moises.messaging.evidence - PUBLISHED topic=orders-topic idempotencyKey=volume-141-97dff019-18b8-4eeb-86c3-d9c5f5e2a1e4 payload=com.moises.messaging.dto.OrderRequest@1892c107
2026-08-11 23:30:45.936 [main] INFO  com.moises.messaging.evidence - TEST_PUBLISHED idempotencyKey=volume-141-97dff019-18b8-4eeb-86c3-d9c5f5e2a1e4 payload=com.moises.messaging.dto.OrderRequest@5769eb7b
2026-08-11 23:30:45.942 [org.springframework.kafka.KafkaListenerEndpointContainer#0-0-C-1] INFO  com.moises.messaging.evidence - PERSISTED idempotencyKey=volume-88-ffc2b690-717e-42c7-94f4-b321c5185abc orderId=5790066a-459a-4aa2-a742-cb4a6a674dd4 status=RECEIVED
2026-08-11 23:30:45.950 [http-nio-auto-1-exec-10] INFO  com.moises.messaging.evidence - PUBLISHED topic=orders-topic idempotencyKey=volume-142-1de29676-941d-41ea-a1d2-e8b6552c831a payload=com.moises.messaging.dto.OrderRequest@59f3199c
2026-08-11 23:30:45.953 [main] INFO  com.moises.messaging.evidence - TEST_PUBLISHED idempotencyKey=volume-142-1de29676-941d-41ea-a1d2-e8b6552c831a payload=com.moises.messaging.dto.OrderRequest@16bee5fe
2026-08-11 23:30:45.965 [http-nio-auto-1-exec-1] INFO  com.moises.messaging.evidence - PUBLISHED topic=orders-topic idempotencyKey=volume-143-727d799a-952f-4159-95c8-f9b97e47c55e payload=com.moises.messaging.dto.OrderRequest@6f5e1228
2026-08-11 23:30:45.965 [org.springframework.kafka.KafkaListenerEndpointContainer#0-0-C-1] INFO  com.moises.messaging.evidence - PERSISTED idempotencyKey=volume-89-9a082414-ee95-4cdc-be7d-3c0997b7d47b orderId=8db5578d-7b8b-4261-b0ba-8c97610fe4cb status=RECEIVED
2026-08-11 23:30:45.968 [main] INFO  com.moises.messaging.evidence - TEST_PUBLISHED idempotencyKey=volume-143-727d799a-952f-4159-95c8-f9b97e47c55e payload=com.moises.messaging.dto.OrderRequest@74873b07
2026-08-11 23:30:45.979 [org.springframework.kafka.KafkaListenerEndpointContainer#0-0-C-1] INFO  com.moises.messaging.evidence - PERSISTED idempotencyKey=volume-90-5f032f27-e137-48ea-ae8e-38290c055e05 orderId=f750653b-3f7f-4a45-a8dc-b6b7b6cd677d status=RECEIVED
2026-08-11 23:30:45.979 [http-nio-auto-1-exec-2] INFO  com.moises.messaging.evidence - PUBLISHED topic=orders-topic idempotencyKey=volume-144-7f3c54c9-3506-4ec0-87d2-f5c57ca7beb1 payload=com.moises.messaging.dto.OrderRequest@25a556c0
2026-08-11 23:30:45.982 [main] INFO  com.moises.messaging.evidence - TEST_PUBLISHED idempotencyKey=volume-144-7f3c54c9-3506-4ec0-87d2-f5c57ca7beb1 payload=com.moises.messaging.dto.OrderRequest@3c72031c
2026-08-11 23:30:45.993 [org.springframework.kafka.KafkaListenerEndpointContainer#0-0-C-1] INFO  com.moises.messaging.evidence - PERSISTED idempotencyKey=volume-91-51cb1358-3b0d-429b-b2bb-2fd1ada1a8d3 orderId=08f4da6b-61e0-44be-afc5-db8767a8a063 status=RECEIVED
2026-08-11 23:30:45.999 [http-nio-auto-1-exec-3] INFO  com.moises.messaging.evidence - PUBLISHED topic=orders-topic idempotencyKey=volume-145-4e7ea088-cec1-4ed0-8779-2742143c0cbe payload=com.moises.messaging.dto.OrderRequest@4244328d
2026-08-11 23:30:46.002 [main] INFO  com.moises.messaging.evidence - TEST_PUBLISHED idempotencyKey=volume-145-4e7ea088-cec1-4ed0-8779-2742143c0cbe payload=com.moises.messaging.dto.OrderRequest@24d815da
2026-08-11 23:30:46.012 [http-nio-auto-1-exec-4] INFO  com.moises.messaging.evidence - PUBLISHED topic=orders-topic idempotencyKey=volume-146-9965b86d-f3eb-4ab5-a4ff-2e3659984869 payload=com.moises.messaging.dto.OrderRequest@40aa04f4
2026-08-11 23:30:46.014 [main] INFO  com.moises.messaging.evidence - TEST_PUBLISHED idempotencyKey=volume-146-9965b86d-f3eb-4ab5-a4ff-2e3659984869 payload=com.moises.messaging.dto.OrderRequest@452895aa
2026-08-11 23:30:46.018 [org.springframework.kafka.KafkaListenerEndpointContainer#0-0-C-1] INFO  com.moises.messaging.evidence - PERSISTED idempotencyKey=volume-92-d012a3ec-b50a-4768-808b-55afc8b0bcad orderId=4670da46-d3ec-4028-b429-43b12ef8f9de status=RECEIVED
2026-08-11 23:30:46.026 [http-nio-auto-1-exec-5] INFO  com.moises.messaging.evidence - PUBLISHED topic=orders-topic idempotencyKey=volume-147-50253ec2-a46d-4a83-a75d-5f22432e2395 payload=com.moises.messaging.dto.OrderRequest@359ff192
2026-08-11 23:30:46.026 [main] INFO  com.moises.messaging.evidence - TEST_PUBLISHED idempotencyKey=volume-147-50253ec2-a46d-4a83-a75d-5f22432e2395 payload=com.moises.messaging.dto.OrderRequest@8bac10b
2026-08-11 23:30:46.033 [org.springframework.kafka.KafkaListenerEndpointContainer#0-0-C-1] INFO  com.moises.messaging.evidence - PERSISTED idempotencyKey=volume-93-e345fe13-ef7d-479c-9e37-f47f41e47cdb orderId=24bd3591-5480-440f-9c13-0c5a70de1873 status=RECEIVED
2026-08-11 23:30:46.041 [http-nio-auto-1-exec-6] INFO  com.moises.messaging.evidence - PUBLISHED topic=orders-topic idempotencyKey=volume-148-adfa9dfe-135e-45a2-a52f-9f61c4ac3aec payload=com.moises.messaging.dto.OrderRequest@5e729e5f
2026-08-11 23:30:46.043 [main] INFO  com.moises.messaging.evidence - TEST_PUBLISHED idempotencyKey=volume-148-adfa9dfe-135e-45a2-a52f-9f61c4ac3aec payload=com.moises.messaging.dto.OrderRequest@24fc59e3
2026-08-11 23:30:46.049 [org.springframework.kafka.KafkaListenerEndpointContainer#0-0-C-1] INFO  com.moises.messaging.evidence - PERSISTED idempotencyKey=volume-94-c98c9355-1c03-4051-9826-1de5499d8626 orderId=20077c61-bd34-41c7-bf12-513a1328b82f status=RECEIVED
2026-08-11 23:30:46.057 [http-nio-auto-1-exec-7] INFO  com.moises.messaging.evidence - PUBLISHED topic=orders-topic idempotencyKey=volume-149-0dbdbf36-442c-4d2c-a962-8a301eecf87f payload=com.moises.messaging.dto.OrderRequest@2a2f0d22
2026-08-11 23:30:46.059 [main] INFO  com.moises.messaging.evidence - TEST_PUBLISHED idempotencyKey=volume-149-0dbdbf36-442c-4d2c-a962-8a301eecf87f payload=com.moises.messaging.dto.OrderRequest@406efe63
2026-08-11 23:30:46.063 [org.springframework.kafka.KafkaListenerEndpointContainer#0-0-C-1] INFO  com.moises.messaging.evidence - PERSISTED idempotencyKey=volume-95-badd6e20-9861-4891-96b5-c35ba3ff22a1 orderId=a338f23d-f522-44bb-a023-a98b619ba7e3 status=RECEIVED
2026-08-11 23:30:46.071 [http-nio-auto-1-exec-8] INFO  com.moises.messaging.evidence - PUBLISHED topic=orders-topic idempotencyKey=volume-150-ee5135c3-ec7c-4834-9362-f4da854b7670 payload=com.moises.messaging.dto.OrderRequest@7a7ff764
2026-08-11 23:30:46.073 [main] INFO  com.moises.messaging.evidence - TEST_PUBLISHED idempotencyKey=volume-150-ee5135c3-ec7c-4834-9362-f4da854b7670 payload=com.moises.messaging.dto.OrderRequest@41eab601
2026-08-11 23:30:46.075 [org.springframework.kafka.KafkaListenerEndpointContainer#0-0-C-1] INFO  com.moises.messaging.evidence - PERSISTED idempotencyKey=volume-96-a3c81652-36ef-4fe0-8a94-a27d2d3bc5c7 orderId=4fff696c-934a-40ae-8a05-a409c7d9700b status=RECEIVED
2026-08-11 23:30:46.086 [http-nio-auto-1-exec-9] INFO  com.moises.messaging.evidence - PUBLISHED topic=orders-topic idempotencyKey=volume-151-db1eebea-92bf-4ee1-a871-b93ac37503c1 payload=com.moises.messaging.dto.OrderRequest@59907c2
2026-08-11 23:30:46.088 [main] INFO  com.moises.messaging.evidence - TEST_PUBLISHED idempotencyKey=volume-151-db1eebea-92bf-4ee1-a871-b93ac37503c1 payload=com.moises.messaging.dto.OrderRequest@1f0695ae
2026-08-11 23:30:46.101 [org.springframework.kafka.KafkaListenerEndpointContainer#0-0-C-1] INFO  com.moises.messaging.evidence - PERSISTED idempotencyKey=volume-97-fa2cf66d-62ce-4399-a2f0-5cab19144f56 orderId=76f00792-7c97-4615-b9e5-de9fd4373bd6 status=RECEIVED
2026-08-11 23:30:46.104 [http-nio-auto-1-exec-10] INFO  com.moises.messaging.evidence - PUBLISHED topic=orders-topic idempotencyKey=volume-152-7cec1c38-6d37-4a53-8a25-799bc707b383 payload=com.moises.messaging.dto.OrderRequest@2dc4abb1
2026-08-11 23:30:46.107 [main] INFO  com.moises.messaging.evidence - TEST_PUBLISHED idempotencyKey=volume-152-7cec1c38-6d37-4a53-8a25-799bc707b383 payload=com.moises.messaging.dto.OrderRequest@5973e4ec
2026-08-11 23:30:46.120 [http-nio-auto-1-exec-1] INFO  com.moises.messaging.evidence - PUBLISHED topic=orders-topic idempotencyKey=volume-153-f4f16486-9dfb-4fb1-b289-9e7882135f8a payload=com.moises.messaging.dto.OrderRequest@3fc3b933
2026-08-11 23:30:46.121 [org.springframework.kafka.KafkaListenerEndpointContainer#0-0-C-1] INFO  com.moises.messaging.evidence - PERSISTED idempotencyKey=volume-98-a71286db-6be7-4796-a37d-c67090474018 orderId=b427d2d4-de2f-4ef5-9297-abafa4a461ef status=RECEIVED
2026-08-11 23:30:46.121 [main] INFO  com.moises.messaging.evidence - TEST_PUBLISHED idempotencyKey=volume-153-f4f16486-9dfb-4fb1-b289-9e7882135f8a payload=com.moises.messaging.dto.OrderRequest@6ed99447
2026-08-11 23:30:46.133 [http-nio-auto-1-exec-2] INFO  com.moises.messaging.evidence - PUBLISHED topic=orders-topic idempotencyKey=volume-154-8ae776de-cf45-444e-b6dd-7eb932f0f8e5 payload=com.moises.messaging.dto.OrderRequest@4080291a
2026-08-11 23:30:46.134 [main] INFO  com.moises.messaging.evidence - TEST_PUBLISHED idempotencyKey=volume-154-8ae776de-cf45-444e-b6dd-7eb932f0f8e5 payload=com.moises.messaging.dto.OrderRequest@7a977d23
2026-08-11 23:30:46.137 [org.springframework.kafka.KafkaListenerEndpointContainer#0-0-C-1] INFO  com.moises.messaging.evidence - PERSISTED idempotencyKey=volume-99-a74d3f98-bdcf-4023-a399-5cca970a80f8 orderId=0486df07-7f21-47f7-8008-82a80a8caef0 status=RECEIVED
2026-08-11 23:30:46.149 [http-nio-auto-1-exec-3] INFO  com.moises.messaging.evidence - PUBLISHED topic=orders-topic idempotencyKey=volume-155-7eee87ed-ded4-414f-ad64-d20cb86e6bfb payload=com.moises.messaging.dto.OrderRequest@79f7c306
2026-08-11 23:30:46.150 [org.springframework.kafka.KafkaListenerEndpointContainer#0-0-C-1] INFO  com.moises.messaging.evidence - PERSISTED idempotencyKey=volume-100-971000d3-90e0-4b05-8ae6-0fba4ae18c43 orderId=1f120563-c40e-41c1-bd3b-098e61b91d1d status=RECEIVED
2026-08-11 23:30:46.151 [main] INFO  com.moises.messaging.evidence - TEST_PUBLISHED idempotencyKey=volume-155-7eee87ed-ded4-414f-ad64-d20cb86e6bfb payload=com.moises.messaging.dto.OrderRequest@51173c3a
2026-08-11 23:30:46.166 [http-nio-auto-1-exec-4] INFO  com.moises.messaging.evidence - PUBLISHED topic=orders-topic idempotencyKey=volume-156-f0e89c04-66a3-4a7d-aee2-82475ccc8361 payload=com.moises.messaging.dto.OrderRequest@db3995c
2026-08-11 23:30:46.167 [main] INFO  com.moises.messaging.evidence - TEST_PUBLISHED idempotencyKey=volume-156-f0e89c04-66a3-4a7d-aee2-82475ccc8361 payload=com.moises.messaging.dto.OrderRequest@1785e670
2026-08-11 23:30:46.168 [org.springframework.kafka.KafkaListenerEndpointContainer#0-0-C-1] INFO  com.moises.messaging.evidence - PERSISTED idempotencyKey=volume-101-9fa63944-1d4f-48e5-ad2a-04877e39ec9b orderId=96c09598-b65d-48cd-afc2-db9dc6941171 status=RECEIVED
2026-08-11 23:30:46.179 [http-nio-auto-1-exec-5] INFO  com.moises.messaging.evidence - PUBLISHED topic=orders-topic idempotencyKey=volume-157-7fbbc893-d03f-4404-be2d-28460cbb2e6a payload=com.moises.messaging.dto.OrderRequest@6b8d48bb
2026-08-11 23:30:46.179 [org.springframework.kafka.KafkaListenerEndpointContainer#0-0-C-1] INFO  com.moises.messaging.evidence - PERSISTED idempotencyKey=volume-102-2c04c955-c3fd-458b-8fa9-b4e6fc4a9018 orderId=ed5fba08-d19c-4dcb-935e-eb1e721636a7 status=RECEIVED
2026-08-11 23:30:46.181 [main] INFO  com.moises.messaging.evidence - TEST_PUBLISHED idempotencyKey=volume-157-7fbbc893-d03f-4404-be2d-28460cbb2e6a payload=com.moises.messaging.dto.OrderRequest@355c236b
2026-08-11 23:30:46.194 [org.springframework.kafka.KafkaListenerEndpointContainer#0-0-C-1] INFO  com.moises.messaging.evidence - PERSISTED idempotencyKey=volume-103-8261fffa-f420-4f16-9f80-3e6f9d2daed8 orderId=c46a63ab-4a96-4a85-bf7c-ab50110ebafb status=RECEIVED
2026-08-11 23:30:46.194 [http-nio-auto-1-exec-6] INFO  com.moises.messaging.evidence - PUBLISHED topic=orders-topic idempotencyKey=volume-158-9f355d23-e112-45ab-8725-677c7a8f0952 payload=com.moises.messaging.dto.OrderRequest@49eadd86
2026-08-11 23:30:46.195 [main] INFO  com.moises.messaging.evidence - TEST_PUBLISHED idempotencyKey=volume-158-9f355d23-e112-45ab-8725-677c7a8f0952 payload=com.moises.messaging.dto.OrderRequest@74e33e86
2026-08-11 23:30:46.205 [org.springframework.kafka.KafkaListenerEndpointContainer#0-0-C-1] INFO  com.moises.messaging.evidence - PERSISTED idempotencyKey=volume-104-62aae31c-05ce-45a1-a65c-94a5d495c8d0 orderId=24c5c1fb-97dd-419f-9291-45b77f247b27 status=RECEIVED
2026-08-11 23:30:46.209 [http-nio-auto-1-exec-7] INFO  com.moises.messaging.evidence - PUBLISHED topic=orders-topic idempotencyKey=volume-159-144f1d1f-b6ce-48d9-8185-474d43c5f5bb payload=com.moises.messaging.dto.OrderRequest@ffc4573
2026-08-11 23:30:46.212 [main] INFO  com.moises.messaging.evidence - TEST_PUBLISHED idempotencyKey=volume-159-144f1d1f-b6ce-48d9-8185-474d43c5f5bb payload=com.moises.messaging.dto.OrderRequest@1cfd3acc
2026-08-11 23:30:46.216 [org.springframework.kafka.KafkaListenerEndpointContainer#0-0-C-1] INFO  com.moises.messaging.evidence - PERSISTED idempotencyKey=volume-105-8ba530bb-1c34-43a0-87d0-cc33e4f6b57b orderId=7aadd942-00d2-4b2e-a322-a10b73fb9a7c status=RECEIVED
2026-08-11 23:30:46.224 [http-nio-auto-1-exec-8] INFO  com.moises.messaging.evidence - PUBLISHED topic=orders-topic idempotencyKey=volume-160-3cd0e757-5389-4fc2-be7d-12a082a38e7e payload=com.moises.messaging.dto.OrderRequest@1b712e4f
2026-08-11 23:30:46.226 [main] INFO  com.moises.messaging.evidence - TEST_PUBLISHED idempotencyKey=volume-160-3cd0e757-5389-4fc2-be7d-12a082a38e7e payload=com.moises.messaging.dto.OrderRequest@24f3e945
2026-08-11 23:30:46.230 [org.springframework.kafka.KafkaListenerEndpointContainer#0-0-C-1] INFO  com.moises.messaging.evidence - PERSISTED idempotencyKey=volume-106-be4220ae-7d70-454e-aff4-4c6f871651b2 orderId=eb087ee4-4e06-4fed-afbe-e8dd4bad705c status=RECEIVED
2026-08-11 23:30:46.241 [http-nio-auto-1-exec-9] INFO  com.moises.messaging.evidence - PUBLISHED topic=orders-topic idempotencyKey=volume-161-8770f6ac-c7fb-4c46-8f74-6fff494a416f payload=com.moises.messaging.dto.OrderRequest@73dd3f62
2026-08-11 23:30:46.243 [main] INFO  com.moises.messaging.evidence - TEST_PUBLISHED idempotencyKey=volume-161-8770f6ac-c7fb-4c46-8f74-6fff494a416f payload=com.moises.messaging.dto.OrderRequest@7060c1cb
2026-08-11 23:30:46.246 [org.springframework.kafka.KafkaListenerEndpointContainer#0-0-C-1] INFO  com.moises.messaging.evidence - PERSISTED idempotencyKey=volume-107-b14b2098-1c47-4415-881c-bcba4c03e6eb orderId=2b77ecf7-4981-4a03-a0b6-ba5ebdb3069c status=RECEIVED
2026-08-11 23:30:46.256 [http-nio-auto-1-exec-10] INFO  com.moises.messaging.evidence - PUBLISHED topic=orders-topic idempotencyKey=volume-162-256ac99c-7687-40e2-ab2c-e4d066439b30 payload=com.moises.messaging.dto.OrderRequest@4df057b8
2026-08-11 23:30:46.258 [main] INFO  com.moises.messaging.evidence - TEST_PUBLISHED idempotencyKey=volume-162-256ac99c-7687-40e2-ab2c-e4d066439b30 payload=com.moises.messaging.dto.OrderRequest@1d9ad64f
2026-08-11 23:30:46.261 [org.springframework.kafka.KafkaListenerEndpointContainer#0-0-C-1] INFO  com.moises.messaging.evidence - PERSISTED idempotencyKey=volume-108-4647ae9a-3f2f-49bb-90b6-174dd194b90e orderId=1e87085d-6457-4cae-84b9-a5ac6bd57777 status=RECEIVED
2026-08-11 23:30:46.272 [http-nio-auto-1-exec-1] INFO  com.moises.messaging.evidence - PUBLISHED topic=orders-topic idempotencyKey=volume-163-a72d42bb-02be-4197-af9c-1207bf3b6074 payload=com.moises.messaging.dto.OrderRequest@2042f0e6
2026-08-11 23:30:46.278 [main] INFO  com.moises.messaging.evidence - TEST_PUBLISHED idempotencyKey=volume-163-a72d42bb-02be-4197-af9c-1207bf3b6074 payload=com.moises.messaging.dto.OrderRequest@6844b46a
2026-08-11 23:30:46.286 [http-nio-auto-1-exec-2] INFO  com.moises.messaging.evidence - PUBLISHED topic=orders-topic idempotencyKey=volume-164-c72f5df8-8691-4773-b86d-abe45030b04d payload=com.moises.messaging.dto.OrderRequest@220409cf
2026-08-11 23:30:46.288 [main] INFO  com.moises.messaging.evidence - TEST_PUBLISHED idempotencyKey=volume-164-c72f5df8-8691-4773-b86d-abe45030b04d payload=com.moises.messaging.dto.OrderRequest@53c6c1e6
2026-08-11 23:30:46.292 [org.springframework.kafka.KafkaListenerEndpointContainer#0-0-C-1] INFO  com.moises.messaging.evidence - PERSISTED idempotencyKey=volume-109-8669a8f6-0e5a-4a66-a1c2-34954018772b orderId=fdd77437-3a4c-4330-bc7b-ef6a88bec2bd status=RECEIVED
2026-08-11 23:30:46.301 [http-nio-auto-1-exec-3] INFO  com.moises.messaging.evidence - PUBLISHED topic=orders-topic idempotencyKey=volume-165-9ed947dd-627f-4625-a40d-72ce3a4a4bf0 payload=com.moises.messaging.dto.OrderRequest@4cb9dd06
2026-08-11 23:30:46.303 [main] INFO  com.moises.messaging.evidence - TEST_PUBLISHED idempotencyKey=volume-165-9ed947dd-627f-4625-a40d-72ce3a4a4bf0 payload=com.moises.messaging.dto.OrderRequest@25de3ccc
2026-08-11 23:30:46.308 [org.springframework.kafka.KafkaListenerEndpointContainer#0-0-C-1] INFO  com.moises.messaging.evidence - PERSISTED idempotencyKey=volume-110-2c693f83-31c3-47e4-8842-321df4a77816 orderId=22b1adc1-8dfb-4cc6-8bb5-d9d0758ccb59 status=RECEIVED
2026-08-11 23:30:46.317 [http-nio-auto-1-exec-4] INFO  com.moises.messaging.evidence - PUBLISHED topic=orders-topic idempotencyKey=volume-166-a1aa665b-639f-4db4-ab6a-756dcacc5d00 payload=com.moises.messaging.dto.OrderRequest@444c2503
2026-08-11 23:30:46.319 [main] INFO  com.moises.messaging.evidence - TEST_PUBLISHED idempotencyKey=volume-166-a1aa665b-639f-4db4-ab6a-756dcacc5d00 payload=com.moises.messaging.dto.OrderRequest@6ebdbe96
2026-08-11 23:30:46.324 [org.springframework.kafka.KafkaListenerEndpointContainer#0-0-C-1] INFO  com.moises.messaging.evidence - PERSISTED idempotencyKey=volume-111-bdf2c8a9-fdd9-45b9-9a44-20fb7bb430a1 orderId=fe315621-3b11-4db1-8bcd-0776613455fd status=RECEIVED
2026-08-11 23:30:46.333 [http-nio-auto-1-exec-5] INFO  com.moises.messaging.evidence - PUBLISHED topic=orders-topic idempotencyKey=volume-167-9f63a626-2621-4ac9-bfa4-8d201143e2e2 payload=com.moises.messaging.dto.OrderRequest@2e657aad
2026-08-11 23:30:46.335 [main] INFO  com.moises.messaging.evidence - TEST_PUBLISHED idempotencyKey=volume-167-9f63a626-2621-4ac9-bfa4-8d201143e2e2 payload=com.moises.messaging.dto.OrderRequest@2317b0cf
2026-08-11 23:30:46.344 [org.springframework.kafka.KafkaListenerEndpointContainer#0-0-C-1] INFO  com.moises.messaging.evidence - PERSISTED idempotencyKey=volume-112-2f1d99eb-0ec1-4c86-a6c8-2db8e271d265 orderId=aad4afa2-26f2-417e-91a6-bd2075be7834 status=RECEIVED
2026-08-11 23:30:46.349 [http-nio-auto-1-exec-6] INFO  com.moises.messaging.evidence - PUBLISHED topic=orders-topic idempotencyKey=volume-168-63e5ff21-6e61-4075-b5e0-7fee1b98d598 payload=com.moises.messaging.dto.OrderRequest@1b69a943
2026-08-11 23:30:46.351 [main] INFO  com.moises.messaging.evidence - TEST_PUBLISHED idempotencyKey=volume-168-63e5ff21-6e61-4075-b5e0-7fee1b98d598 payload=com.moises.messaging.dto.OrderRequest@46bb8cba
2026-08-11 23:30:46.357 [org.springframework.kafka.KafkaListenerEndpointContainer#0-0-C-1] INFO  com.moises.messaging.evidence - PERSISTED idempotencyKey=volume-113-2ca7fc24-9a87-4aac-8473-e5b7f3e48632 orderId=63cf9d9b-1806-44e1-86c2-12e5b2ba9969 status=RECEIVED
2026-08-11 23:30:46.364 [http-nio-auto-1-exec-7] INFO  com.moises.messaging.evidence - PUBLISHED topic=orders-topic idempotencyKey=volume-169-269531eb-b841-48ff-ad4e-de37a4379ad3 payload=com.moises.messaging.dto.OrderRequest@34cdf444
2026-08-11 23:30:46.366 [main] INFO  com.moises.messaging.evidence - TEST_PUBLISHED idempotencyKey=volume-169-269531eb-b841-48ff-ad4e-de37a4379ad3 payload=com.moises.messaging.dto.OrderRequest@1257e0fd
2026-08-11 23:30:46.372 [org.springframework.kafka.KafkaListenerEndpointContainer#0-0-C-1] INFO  com.moises.messaging.evidence - PERSISTED idempotencyKey=volume-114-b606cdc1-8cfe-4f1a-b564-15f040eefeec orderId=be22b18c-2f68-42d8-b728-831461b25bae status=RECEIVED
2026-08-11 23:30:46.379 [http-nio-auto-1-exec-8] INFO  com.moises.messaging.evidence - PUBLISHED topic=orders-topic idempotencyKey=volume-170-79b8b04d-fdad-4902-8371-758ecca42381 payload=com.moises.messaging.dto.OrderRequest@58c00438
2026-08-11 23:30:46.381 [main] INFO  com.moises.messaging.evidence - TEST_PUBLISHED idempotencyKey=volume-170-79b8b04d-fdad-4902-8371-758ecca42381 payload=com.moises.messaging.dto.OrderRequest@119db52f
2026-08-11 23:30:46.390 [org.springframework.kafka.KafkaListenerEndpointContainer#0-0-C-1] INFO  com.moises.messaging.evidence - PERSISTED idempotencyKey=volume-115-3c055d31-86cb-43b4-965c-e0cf89009821 orderId=577b871b-867e-4094-b193-6742b8b0d2d3 status=RECEIVED
2026-08-11 23:30:46.394 [http-nio-auto-1-exec-9] INFO  com.moises.messaging.evidence - PUBLISHED topic=orders-topic idempotencyKey=volume-171-70275bc0-b5b5-4d20-9888-c6f918a7d8fd payload=com.moises.messaging.dto.OrderRequest@6f933187
2026-08-11 23:30:46.397 [main] INFO  com.moises.messaging.evidence - TEST_PUBLISHED idempotencyKey=volume-171-70275bc0-b5b5-4d20-9888-c6f918a7d8fd payload=com.moises.messaging.dto.OrderRequest@f92ee1b
2026-08-11 23:30:46.406 [org.springframework.kafka.KafkaListenerEndpointContainer#0-0-C-1] INFO  com.moises.messaging.evidence - PERSISTED idempotencyKey=volume-116-4bb0a557-680b-47f5-81a5-54ed9961ef55 orderId=97aa31cf-3b3b-4216-89bd-991ba009639e status=RECEIVED
2026-08-11 23:30:46.412 [http-nio-auto-1-exec-10] INFO  com.moises.messaging.evidence - PUBLISHED topic=orders-topic idempotencyKey=volume-172-d53d40f6-d1b8-41d2-bb85-b37b42345ffb payload=com.moises.messaging.dto.OrderRequest@62a2eda6
2026-08-11 23:30:46.414 [main] INFO  com.moises.messaging.evidence - TEST_PUBLISHED idempotencyKey=volume-172-d53d40f6-d1b8-41d2-bb85-b37b42345ffb payload=com.moises.messaging.dto.OrderRequest@15d67d0f
2026-08-11 23:30:46.421 [org.springframework.kafka.KafkaListenerEndpointContainer#0-0-C-1] INFO  com.moises.messaging.evidence - PERSISTED idempotencyKey=volume-117-42ce4ace-8f49-4425-9d4a-e9b7331d2d10 orderId=3e8fc8db-5f5c-490c-b178-7e534950ce6d status=RECEIVED
2026-08-11 23:30:46.426 [http-nio-auto-1-exec-1] INFO  com.moises.messaging.evidence - PUBLISHED topic=orders-topic idempotencyKey=volume-173-f44ad512-37fe-4961-a36a-45b79410a333 payload=com.moises.messaging.dto.OrderRequest@726a5a6d
2026-08-11 23:30:46.428 [main] INFO  com.moises.messaging.evidence - TEST_PUBLISHED idempotencyKey=volume-173-f44ad512-37fe-4961-a36a-45b79410a333 payload=com.moises.messaging.dto.OrderRequest@38ab2740
2026-08-11 23:30:46.435 [org.springframework.kafka.KafkaListenerEndpointContainer#0-0-C-1] INFO  com.moises.messaging.evidence - PERSISTED idempotencyKey=volume-118-577ee51f-c213-4dcf-9f80-586e7eeab96f orderId=e6fff82b-4a48-471c-9e54-f8c3f9f2fa5e status=RECEIVED
2026-08-11 23:30:46.440 [http-nio-auto-1-exec-2] INFO  com.moises.messaging.evidence - PUBLISHED topic=orders-topic idempotencyKey=volume-174-6aba82bb-9616-4706-8b29-a30cc2805c71 payload=com.moises.messaging.dto.OrderRequest@6b687ed4
2026-08-11 23:30:46.443 [main] INFO  com.moises.messaging.evidence - TEST_PUBLISHED idempotencyKey=volume-174-6aba82bb-9616-4706-8b29-a30cc2805c71 payload=com.moises.messaging.dto.OrderRequest@4463d9b7
2026-08-11 23:30:46.447 [org.springframework.kafka.KafkaListenerEndpointContainer#0-0-C-1] INFO  com.moises.messaging.evidence - PERSISTED idempotencyKey=volume-119-5392b61a-1168-4735-a2bf-d0fada811f9c orderId=2c18783b-64dc-4d42-ac6f-6a0e1c1d7b84 status=RECEIVED
2026-08-11 23:30:46.455 [http-nio-auto-1-exec-3] INFO  com.moises.messaging.evidence - PUBLISHED topic=orders-topic idempotencyKey=volume-175-6497807e-06b5-4aca-8313-c4551beea61e payload=com.moises.messaging.dto.OrderRequest@28ac6170
2026-08-11 23:30:46.457 [main] INFO  com.moises.messaging.evidence - TEST_PUBLISHED idempotencyKey=volume-175-6497807e-06b5-4aca-8313-c4551beea61e payload=com.moises.messaging.dto.OrderRequest@5c991516
2026-08-11 23:30:46.459 [org.springframework.kafka.KafkaListenerEndpointContainer#0-0-C-1] INFO  com.moises.messaging.evidence - PERSISTED idempotencyKey=volume-120-8720e292-90c4-433f-8528-3169639461ed orderId=77b0653e-1eff-404a-a043-c8fba573220b status=RECEIVED
2026-08-11 23:30:46.469 [org.springframework.kafka.KafkaListenerEndpointContainer#0-0-C-1] INFO  com.moises.messaging.evidence - PERSISTED idempotencyKey=volume-121-4ba790af-552c-4e46-92e1-be511acf2c1e orderId=bc130cad-cd9b-4369-95ed-797980b6c17c status=RECEIVED
2026-08-11 23:30:46.469 [http-nio-auto-1-exec-4] INFO  com.moises.messaging.evidence - PUBLISHED topic=orders-topic idempotencyKey=volume-176-37f2625b-8ec3-47fa-8a79-ccc2b13effca payload=com.moises.messaging.dto.OrderRequest@3cb188e3
2026-08-11 23:30:46.472 [main] INFO  com.moises.messaging.evidence - TEST_PUBLISHED idempotencyKey=volume-176-37f2625b-8ec3-47fa-8a79-ccc2b13effca payload=com.moises.messaging.dto.OrderRequest@7a01358f
2026-08-11 23:30:46.486 [org.springframework.kafka.KafkaListenerEndpointContainer#0-0-C-1] INFO  com.moises.messaging.evidence - PERSISTED idempotencyKey=volume-122-a8964623-2977-4748-9fb9-7af18afb224e orderId=bc0a6419-92c1-4d31-af12-459422ea48f9 status=RECEIVED
2026-08-11 23:30:46.487 [http-nio-auto-1-exec-5] INFO  com.moises.messaging.evidence - PUBLISHED topic=orders-topic idempotencyKey=volume-177-d5904ff4-eabf-4cc3-af29-a3d4db4f6da4 payload=com.moises.messaging.dto.OrderRequest@1e92a09
2026-08-11 23:30:46.488 [main] INFO  com.moises.messaging.evidence - TEST_PUBLISHED idempotencyKey=volume-177-d5904ff4-eabf-4cc3-af29-a3d4db4f6da4 payload=com.moises.messaging.dto.OrderRequest@1bf18ca8
2026-08-11 23:30:46.503 [org.springframework.kafka.KafkaListenerEndpointContainer#0-0-C-1] INFO  com.moises.messaging.evidence - PERSISTED idempotencyKey=volume-123-a15851d3-9d65-4f9b-9255-a1c639c233a5 orderId=7428631c-82af-4e00-8b68-a2e7dd2b3fa8 status=RECEIVED
2026-08-11 23:30:46.504 [http-nio-auto-1-exec-6] INFO  com.moises.messaging.evidence - PUBLISHED topic=orders-topic idempotencyKey=volume-178-825c7b6e-35ee-4015-9e8b-993981e71638 payload=com.moises.messaging.dto.OrderRequest@10d40739
2026-08-11 23:30:46.506 [main] INFO  com.moises.messaging.evidence - TEST_PUBLISHED idempotencyKey=volume-178-825c7b6e-35ee-4015-9e8b-993981e71638 payload=com.moises.messaging.dto.OrderRequest@41854000
2026-08-11 23:30:46.517 [org.springframework.kafka.KafkaListenerEndpointContainer#0-0-C-1] INFO  com.moises.messaging.evidence - PERSISTED idempotencyKey=volume-124-643c241b-a098-488e-9022-6d6ad9ad8d91 orderId=9afd0e67-cb98-4afc-a24e-bef37ff60645 status=RECEIVED
2026-08-11 23:30:46.519 [http-nio-auto-1-exec-7] INFO  com.moises.messaging.evidence - PUBLISHED topic=orders-topic idempotencyKey=volume-179-cc778160-dda5-468a-90f3-dec7fb7b7a88 payload=com.moises.messaging.dto.OrderRequest@33fa16a8
2026-08-11 23:30:46.520 [main] INFO  com.moises.messaging.evidence - TEST_PUBLISHED idempotencyKey=volume-179-cc778160-dda5-468a-90f3-dec7fb7b7a88 payload=com.moises.messaging.dto.OrderRequest@55a0cc83
2026-08-11 23:30:46.527 [http-nio-auto-1-exec-8] INFO  com.moises.messaging.evidence - PUBLISHED topic=orders-topic idempotencyKey=volume-180-56ba3264-9396-4919-a54e-dae154c3c273 payload=com.moises.messaging.dto.OrderRequest@616790a
2026-08-11 23:30:46.528 [main] INFO  com.moises.messaging.evidence - TEST_PUBLISHED idempotencyKey=volume-180-56ba3264-9396-4919-a54e-dae154c3c273 payload=com.moises.messaging.dto.OrderRequest@267e36f5
2026-08-11 23:30:46.531 [org.springframework.kafka.KafkaListenerEndpointContainer#0-0-C-1] INFO  com.moises.messaging.evidence - PERSISTED idempotencyKey=volume-125-d8f38420-85ee-47ed-96ec-b36413dfc8f7 orderId=198cac5a-ff56-4beb-a817-640b95d5a099 status=RECEIVED
2026-08-11 23:30:46.542 [org.springframework.kafka.KafkaListenerEndpointContainer#0-0-C-1] INFO  com.moises.messaging.evidence - PERSISTED idempotencyKey=volume-126-ff96ac58-8f7f-4aec-84a4-347fd3d7e0fb orderId=f09ca0e6-0bd9-4918-864d-1e9b5360ac38 status=RECEIVED
2026-08-11 23:30:46.548 [http-nio-auto-1-exec-9] INFO  com.moises.messaging.evidence - PUBLISHED topic=orders-topic idempotencyKey=volume-181-d63aa970-a6e8-4d43-9af4-66f8b3d78e28 payload=com.moises.messaging.dto.OrderRequest@424895e8
2026-08-11 23:30:46.551 [main] INFO  com.moises.messaging.evidence - TEST_PUBLISHED idempotencyKey=volume-181-d63aa970-a6e8-4d43-9af4-66f8b3d78e28 payload=com.moises.messaging.dto.OrderRequest@317d7a5e
2026-08-11 23:30:46.558 [org.springframework.kafka.KafkaListenerEndpointContainer#0-0-C-1] INFO  com.moises.messaging.evidence - PERSISTED idempotencyKey=volume-127-e9b61fb1-c603-41b2-aeda-5b58e8387ca3 orderId=5fb1b1c3-68a9-44a1-b258-e900dd26edf0 status=RECEIVED
2026-08-11 23:30:46.567 [http-nio-auto-1-exec-10] INFO  com.moises.messaging.evidence - PUBLISHED topic=orders-topic idempotencyKey=volume-182-da1343d1-defd-4a78-b116-0cf6950dd5f7 payload=com.moises.messaging.dto.OrderRequest@5554c43b
2026-08-11 23:30:46.571 [main] INFO  com.moises.messaging.evidence - TEST_PUBLISHED idempotencyKey=volume-182-da1343d1-defd-4a78-b116-0cf6950dd5f7 payload=com.moises.messaging.dto.OrderRequest@5a13b931
2026-08-11 23:30:46.579 [http-nio-auto-1-exec-1] INFO  com.moises.messaging.evidence - PUBLISHED topic=orders-topic idempotencyKey=volume-183-d95aa611-0b9b-4ab9-b744-6c2f6fd2d3bd payload=com.moises.messaging.dto.OrderRequest@697511a2
2026-08-11 23:30:46.581 [main] INFO  com.moises.messaging.evidence - TEST_PUBLISHED idempotencyKey=volume-183-d95aa611-0b9b-4ab9-b744-6c2f6fd2d3bd payload=com.moises.messaging.dto.OrderRequest@904b224
2026-08-11 23:30:46.586 [org.springframework.kafka.KafkaListenerEndpointContainer#0-0-C-1] INFO  com.moises.messaging.evidence - PERSISTED idempotencyKey=volume-128-0d18bcd5-83ee-461a-8fbd-eb464a2678c8 orderId=5a289df2-1c76-4f59-8348-133b2862f847 status=RECEIVED
2026-08-11 23:30:46.596 [http-nio-auto-1-exec-2] INFO  com.moises.messaging.evidence - PUBLISHED topic=orders-topic idempotencyKey=volume-184-36dea24d-4623-4fe1-b7d1-1bfa3be0389d payload=com.moises.messaging.dto.OrderRequest@69896fe
2026-08-11 23:30:46.598 [main] INFO  com.moises.messaging.evidence - TEST_PUBLISHED idempotencyKey=volume-184-36dea24d-4623-4fe1-b7d1-1bfa3be0389d payload=com.moises.messaging.dto.OrderRequest@5e9ae46f
2026-08-11 23:30:46.602 [org.springframework.kafka.KafkaListenerEndpointContainer#0-0-C-1] INFO  com.moises.messaging.evidence - PERSISTED idempotencyKey=volume-129-25a4e6dd-907a-46c3-94ff-208bfa2cd138 orderId=b79e1242-1bc9-457b-ab75-2a9e70060c2b status=RECEIVED
2026-08-11 23:30:46.610 [http-nio-auto-1-exec-3] INFO  com.moises.messaging.evidence - PUBLISHED topic=orders-topic idempotencyKey=volume-185-77ab6d9f-ab74-4737-a7dc-b8e4824b39d1 payload=com.moises.messaging.dto.OrderRequest@57191bd5
2026-08-11 23:30:46.612 [main] INFO  com.moises.messaging.evidence - TEST_PUBLISHED idempotencyKey=volume-185-77ab6d9f-ab74-4737-a7dc-b8e4824b39d1 payload=com.moises.messaging.dto.OrderRequest@4efca68
2026-08-11 23:30:46.616 [org.springframework.kafka.KafkaListenerEndpointContainer#0-0-C-1] INFO  com.moises.messaging.evidence - PERSISTED idempotencyKey=volume-130-b6fefb3f-18d4-4ad0-9c50-1dab872c6039 orderId=b546ea88-685d-4349-bb23-315c886bb626 status=RECEIVED
2026-08-11 23:30:46.626 [http-nio-auto-1-exec-4] INFO  com.moises.messaging.evidence - PUBLISHED topic=orders-topic idempotencyKey=volume-186-c26643ed-b4b3-41f2-a7ae-f3ae7758cb8c payload=com.moises.messaging.dto.OrderRequest@454be3cd
2026-08-11 23:30:46.627 [main] INFO  com.moises.messaging.evidence - TEST_PUBLISHED idempotencyKey=volume-186-c26643ed-b4b3-41f2-a7ae-f3ae7758cb8c payload=com.moises.messaging.dto.OrderRequest@437231f5
2026-08-11 23:30:46.633 [org.springframework.kafka.KafkaListenerEndpointContainer#0-0-C-1] INFO  com.moises.messaging.evidence - PERSISTED idempotencyKey=volume-131-4b57d4f4-84c5-42e9-907a-428e8c130589 orderId=6069e0ea-5153-4dc7-9b53-ab3969788ba7 status=RECEIVED
2026-08-11 23:30:46.640 [http-nio-auto-1-exec-5] INFO  com.moises.messaging.evidence - PUBLISHED topic=orders-topic idempotencyKey=volume-187-10fa50de-3a2d-4b6d-89e6-8035edb89d15 payload=com.moises.messaging.dto.OrderRequest@c24eb0
2026-08-11 23:30:46.641 [main] INFO  com.moises.messaging.evidence - TEST_PUBLISHED idempotencyKey=volume-187-10fa50de-3a2d-4b6d-89e6-8035edb89d15 payload=com.moises.messaging.dto.OrderRequest@6fcb2e2d
2026-08-11 23:30:46.645 [org.springframework.kafka.KafkaListenerEndpointContainer#0-0-C-1] INFO  com.moises.messaging.evidence - PERSISTED idempotencyKey=volume-132-d9beae64-60a6-4a30-afb9-2069938bcadd orderId=c0bb3d6c-43ef-492d-bfd4-66e91f6ca8f4 status=RECEIVED
2026-08-11 23:30:46.656 [http-nio-auto-1-exec-6] INFO  com.moises.messaging.evidence - PUBLISHED topic=orders-topic idempotencyKey=volume-188-d9b552f5-94be-4d64-b382-8f55ae3a7af4 payload=com.moises.messaging.dto.OrderRequest@de3a058
2026-08-11 23:30:46.659 [main] INFO  com.moises.messaging.evidence - TEST_PUBLISHED idempotencyKey=volume-188-d9b552f5-94be-4d64-b382-8f55ae3a7af4 payload=com.moises.messaging.dto.OrderRequest@66fb1627
2026-08-11 23:30:46.659 [org.springframework.kafka.KafkaListenerEndpointContainer#0-0-C-1] INFO  com.moises.messaging.evidence - PERSISTED idempotencyKey=volume-133-a37ab96d-c6cb-407a-a936-f6009c3b086d orderId=96886233-44b5-4afe-bc6f-55c61ac5e70d status=RECEIVED
2026-08-11 23:30:46.668 [org.springframework.kafka.KafkaListenerEndpointContainer#0-0-C-1] INFO  com.moises.messaging.evidence - PERSISTED idempotencyKey=volume-134-f332b550-7a9d-4445-8ac6-064f6ff9c12f orderId=7850c611-1f7b-45b1-9a1e-3b0ee12f5ce6 status=RECEIVED
2026-08-11 23:30:46.671 [http-nio-auto-1-exec-7] INFO  com.moises.messaging.evidence - PUBLISHED topic=orders-topic idempotencyKey=volume-189-1627813f-7ba1-426f-973f-74510b7dffd6 payload=com.moises.messaging.dto.OrderRequest@43a1df56
2026-08-11 23:30:46.672 [main] INFO  com.moises.messaging.evidence - TEST_PUBLISHED idempotencyKey=volume-189-1627813f-7ba1-426f-973f-74510b7dffd6 payload=com.moises.messaging.dto.OrderRequest@1cbd2c1a
2026-08-11 23:30:46.679 [org.springframework.kafka.KafkaListenerEndpointContainer#0-0-C-1] INFO  com.moises.messaging.evidence - PERSISTED idempotencyKey=volume-135-66a23810-f697-4753-a64e-77f1d28cec99 orderId=0bf79f67-f4e1-406f-b304-69c311ab67c6 status=RECEIVED
2026-08-11 23:30:46.686 [http-nio-auto-1-exec-8] INFO  com.moises.messaging.evidence - PUBLISHED topic=orders-topic idempotencyKey=volume-190-ea6a16f5-a9b1-4a8c-9256-dcd5a6fdf733 payload=com.moises.messaging.dto.OrderRequest@b1af22f
2026-08-11 23:30:46.688 [main] INFO  com.moises.messaging.evidence - TEST_PUBLISHED idempotencyKey=volume-190-ea6a16f5-a9b1-4a8c-9256-dcd5a6fdf733 payload=com.moises.messaging.dto.OrderRequest@4e125be1
2026-08-11 23:30:46.690 [org.springframework.kafka.KafkaListenerEndpointContainer#0-0-C-1] INFO  com.moises.messaging.evidence - PERSISTED idempotencyKey=volume-136-070cc702-65ee-4780-a12a-3b9c062c92d9 orderId=4caec6aa-cd31-469e-bedc-c0585ac2c6d6 status=RECEIVED
2026-08-11 23:30:46.702 [http-nio-auto-1-exec-9] INFO  com.moises.messaging.evidence - PUBLISHED topic=orders-topic idempotencyKey=volume-191-a1f21e63-ae79-43a1-831b-7732a84e0936 payload=com.moises.messaging.dto.OrderRequest@5a1ea241
2026-08-11 23:30:46.704 [main] INFO  com.moises.messaging.evidence - TEST_PUBLISHED idempotencyKey=volume-191-a1f21e63-ae79-43a1-831b-7732a84e0936 payload=com.moises.messaging.dto.OrderRequest@781ebe48
2026-08-11 23:30:46.706 [org.springframework.kafka.KafkaListenerEndpointContainer#0-0-C-1] INFO  com.moises.messaging.evidence - PERSISTED idempotencyKey=volume-137-88b0da87-f48a-4bb3-a70f-8c10f31dd1d1 orderId=f2d30725-f315-49dc-b7df-ac1c9d9e6e90 status=RECEIVED
2026-08-11 23:30:46.717 [http-nio-auto-1-exec-10] INFO  com.moises.messaging.evidence - PUBLISHED topic=orders-topic idempotencyKey=volume-192-0b743606-73b1-4c8d-8c2f-beee076a8a2d payload=com.moises.messaging.dto.OrderRequest@507e62ea
2026-08-11 23:30:46.720 [main] INFO  com.moises.messaging.evidence - TEST_PUBLISHED idempotencyKey=volume-192-0b743606-73b1-4c8d-8c2f-beee076a8a2d payload=com.moises.messaging.dto.OrderRequest@46ead542
2026-08-11 23:30:46.724 [org.springframework.kafka.KafkaListenerEndpointContainer#0-0-C-1] INFO  com.moises.messaging.evidence - PERSISTED idempotencyKey=volume-138-584acaf6-461d-4e88-9166-bd35957d9db1 orderId=2d1bc01a-c451-45c7-82ae-a360a20d26dd status=RECEIVED
2026-08-11 23:30:46.725 [http-nio-auto-1-exec-1] INFO  com.moises.messaging.evidence - PUBLISHED topic=orders-topic idempotencyKey=volume-193-980d0948-1830-49ac-a036-1c68f8d02333 payload=com.moises.messaging.dto.OrderRequest@a36c8b2
2026-08-11 23:30:46.727 [main] INFO  com.moises.messaging.evidence - TEST_PUBLISHED idempotencyKey=volume-193-980d0948-1830-49ac-a036-1c68f8d02333 payload=com.moises.messaging.dto.OrderRequest@3342ec79
2026-08-11 23:30:46.733 [http-nio-auto-1-exec-2] INFO  com.moises.messaging.evidence - PUBLISHED topic=orders-topic idempotencyKey=volume-194-eca4dc45-6f61-45d6-9afc-ee0b6b7dea23 payload=com.moises.messaging.dto.OrderRequest@ebc721f
2026-08-11 23:30:46.735 [main] INFO  com.moises.messaging.evidence - TEST_PUBLISHED idempotencyKey=volume-194-eca4dc45-6f61-45d6-9afc-ee0b6b7dea23 payload=com.moises.messaging.dto.OrderRequest@6fd364a3
2026-08-11 23:30:46.737 [org.springframework.kafka.KafkaListenerEndpointContainer#0-0-C-1] INFO  com.moises.messaging.evidence - PERSISTED idempotencyKey=volume-139-8ca4e082-efbc-4248-81a5-81fbe1f6a0da orderId=e8475159-624c-4203-b4f2-0ca837b10a4a status=RECEIVED
2026-08-11 23:30:46.748 [http-nio-auto-1-exec-3] INFO  com.moises.messaging.evidence - PUBLISHED topic=orders-topic idempotencyKey=volume-195-645a0e90-ca86-4d4a-bb17-844bbda1f333 payload=com.moises.messaging.dto.OrderRequest@50be0bf0
2026-08-11 23:30:46.748 [org.springframework.kafka.KafkaListenerEndpointContainer#0-0-C-1] INFO  com.moises.messaging.evidence - PERSISTED idempotencyKey=volume-140-d4bf89ea-4a8a-40b8-932b-5e6c1894c867 orderId=fa393e54-3a51-4426-9dbe-a0ce47691105 status=RECEIVED
2026-08-11 23:30:46.750 [main] INFO  com.moises.messaging.evidence - TEST_PUBLISHED idempotencyKey=volume-195-645a0e90-ca86-4d4a-bb17-844bbda1f333 payload=com.moises.messaging.dto.OrderRequest@62b26bef
2026-08-11 23:30:46.762 [org.springframework.kafka.KafkaListenerEndpointContainer#0-0-C-1] INFO  com.moises.messaging.evidence - PERSISTED idempotencyKey=volume-141-97dff019-18b8-4eeb-86c3-d9c5f5e2a1e4 orderId=a06141a0-eb99-4208-8f49-0885896be6a3 status=RECEIVED
2026-08-11 23:30:46.764 [http-nio-auto-1-exec-4] INFO  com.moises.messaging.evidence - PUBLISHED topic=orders-topic idempotencyKey=volume-196-a5311874-1719-4641-a771-56ef870dcc8d payload=com.moises.messaging.dto.OrderRequest@14dece9c
2026-08-11 23:30:46.766 [main] INFO  com.moises.messaging.evidence - TEST_PUBLISHED idempotencyKey=volume-196-a5311874-1719-4641-a771-56ef870dcc8d payload=com.moises.messaging.dto.OrderRequest@7262e23e
2026-08-11 23:30:46.779 [http-nio-auto-1-exec-5] INFO  com.moises.messaging.evidence - PUBLISHED topic=orders-topic idempotencyKey=volume-197-edb32e79-5815-4003-b1a4-ef7bf9ec2ee2 payload=com.moises.messaging.dto.OrderRequest@4b816649
2026-08-11 23:30:46.782 [main] INFO  com.moises.messaging.evidence - TEST_PUBLISHED idempotencyKey=volume-197-edb32e79-5815-4003-b1a4-ef7bf9ec2ee2 payload=com.moises.messaging.dto.OrderRequest@56e7f92f
2026-08-11 23:30:46.785 [org.springframework.kafka.KafkaListenerEndpointContainer#0-0-C-1] INFO  com.moises.messaging.evidence - PERSISTED idempotencyKey=volume-142-1de29676-941d-41ea-a1d2-e8b6552c831a orderId=d7ad30b5-e8a3-4e1e-ae56-18c9bead7967 status=RECEIVED
2026-08-11 23:30:46.794 [http-nio-auto-1-exec-6] INFO  com.moises.messaging.evidence - PUBLISHED topic=orders-topic idempotencyKey=volume-198-9b32026f-538b-429b-94af-98de6c389b94 payload=com.moises.messaging.dto.OrderRequest@5d7e9ba8
2026-08-11 23:30:46.797 [main] INFO  com.moises.messaging.evidence - TEST_PUBLISHED idempotencyKey=volume-198-9b32026f-538b-429b-94af-98de6c389b94 payload=com.moises.messaging.dto.OrderRequest@2265792c
2026-08-11 23:30:46.798 [org.springframework.kafka.KafkaListenerEndpointContainer#0-0-C-1] INFO  com.moises.messaging.evidence - PERSISTED idempotencyKey=volume-143-727d799a-952f-4159-95c8-f9b97e47c55e orderId=65e052a5-9eb9-44ff-8c5b-5bbc95073151 status=RECEIVED
2026-08-11 23:30:46.807 [org.springframework.kafka.KafkaListenerEndpointContainer#0-0-C-1] INFO  com.moises.messaging.evidence - PERSISTED idempotencyKey=volume-144-7f3c54c9-3506-4ec0-87d2-f5c57ca7beb1 orderId=22b8b84b-fad3-41ba-aa24-803cfdf38ddf status=RECEIVED
2026-08-11 23:30:46.809 [http-nio-auto-1-exec-7] INFO  com.moises.messaging.evidence - PUBLISHED topic=orders-topic idempotencyKey=volume-199-eb314aa8-8176-4eed-a2d1-aacf2bb9fc05 payload=com.moises.messaging.dto.OrderRequest@7ead5455
2026-08-11 23:30:46.810 [main] INFO  com.moises.messaging.evidence - TEST_PUBLISHED idempotencyKey=volume-199-eb314aa8-8176-4eed-a2d1-aacf2bb9fc05 payload=com.moises.messaging.dto.OrderRequest@5379839c
2026-08-11 23:30:46.810 [main] INFO  com.moises.messaging.evidence - TEST_BATCH_PUBLISHED total=200
2026-08-11 23:30:46.820 [org.springframework.kafka.KafkaListenerEndpointContainer#0-0-C-1] INFO  com.moises.messaging.evidence - PERSISTED idempotencyKey=volume-145-4e7ea088-cec1-4ed0-8779-2742143c0cbe orderId=a1481cca-68a9-4f21-9db0-d6bc66d90c40 status=RECEIVED
2026-08-11 23:30:46.833 [org.springframework.kafka.KafkaListenerEndpointContainer#0-0-C-1] INFO  com.moises.messaging.evidence - PERSISTED idempotencyKey=volume-146-9965b86d-f3eb-4ab5-a4ff-2e3659984869 orderId=ba6316b4-8e13-430a-a661-a8b91a718786 status=RECEIVED
2026-08-11 23:30:46.842 [org.springframework.kafka.KafkaListenerEndpointContainer#0-0-C-1] INFO  com.moises.messaging.evidence - PERSISTED idempotencyKey=volume-147-50253ec2-a46d-4a83-a75d-5f22432e2395 orderId=bfdeb006-ef39-426a-a602-ea634d3b0835 status=RECEIVED
2026-08-11 23:30:46.854 [org.springframework.kafka.KafkaListenerEndpointContainer#0-0-C-1] INFO  com.moises.messaging.evidence - PERSISTED idempotencyKey=volume-148-adfa9dfe-135e-45a2-a52f-9f61c4ac3aec orderId=5356ac01-eb95-404a-9021-c66fa1287dbe status=RECEIVED
2026-08-11 23:30:46.863 [org.springframework.kafka.KafkaListenerEndpointContainer#0-0-C-1] INFO  com.moises.messaging.evidence - PERSISTED idempotencyKey=volume-149-0dbdbf36-442c-4d2c-a962-8a301eecf87f orderId=5cbed6d7-3fe6-455c-8ab5-54a840f0b163 status=RECEIVED
2026-08-11 23:30:46.874 [org.springframework.kafka.KafkaListenerEndpointContainer#0-0-C-1] INFO  com.moises.messaging.evidence - PERSISTED idempotencyKey=volume-150-ee5135c3-ec7c-4834-9362-f4da854b7670 orderId=b8816ad8-bbe8-4720-bb0f-4f35b19662b4 status=RECEIVED
2026-08-11 23:30:46.883 [org.springframework.kafka.KafkaListenerEndpointContainer#0-0-C-1] INFO  com.moises.messaging.evidence - PERSISTED idempotencyKey=volume-151-db1eebea-92bf-4ee1-a871-b93ac37503c1 orderId=4be7ce9c-052b-48ca-9853-5a4078c06673 status=RECEIVED
2026-08-11 23:30:46.891 [org.springframework.kafka.KafkaListenerEndpointContainer#0-0-C-1] INFO  com.moises.messaging.evidence - PERSISTED idempotencyKey=volume-152-7cec1c38-6d37-4a53-8a25-799bc707b383 orderId=e2329403-8dc2-4864-9273-fabad86ecb0a status=RECEIVED
2026-08-11 23:30:46.899 [org.springframework.kafka.KafkaListenerEndpointContainer#0-0-C-1] INFO  com.moises.messaging.evidence - PERSISTED idempotencyKey=volume-153-f4f16486-9dfb-4fb1-b289-9e7882135f8a orderId=00340d6d-0ba5-4c5f-bef8-7b32c606677b status=RECEIVED
2026-08-11 23:30:46.906 [org.springframework.kafka.KafkaListenerEndpointContainer#0-0-C-1] INFO  com.moises.messaging.evidence - PERSISTED idempotencyKey=volume-154-8ae776de-cf45-444e-b6dd-7eb932f0f8e5 orderId=f005c4fa-6186-4e0e-92c6-f1b22df94c3c status=RECEIVED
2026-08-11 23:30:46.914 [org.springframework.kafka.KafkaListenerEndpointContainer#0-0-C-1] INFO  com.moises.messaging.evidence - PERSISTED idempotencyKey=volume-155-7eee87ed-ded4-414f-ad64-d20cb86e6bfb orderId=cf789409-6034-4f6e-85b7-62a6c2a4b1e7 status=RECEIVED
2026-08-11 23:30:46.921 [org.springframework.kafka.KafkaListenerEndpointContainer#0-0-C-1] INFO  com.moises.messaging.evidence - PERSISTED idempotencyKey=volume-156-f0e89c04-66a3-4a7d-aee2-82475ccc8361 orderId=6068b4ce-a142-494f-82c6-b86d5a2f1efd status=RECEIVED
2026-08-11 23:30:46.930 [org.springframework.kafka.KafkaListenerEndpointContainer#0-0-C-1] INFO  com.moises.messaging.evidence - PERSISTED idempotencyKey=volume-157-7fbbc893-d03f-4404-be2d-28460cbb2e6a orderId=93015e77-4b8d-45b6-aa33-09ec0e7bf648 status=RECEIVED
2026-08-11 23:30:46.938 [org.springframework.kafka.KafkaListenerEndpointContainer#0-0-C-1] INFO  com.moises.messaging.evidence - PERSISTED idempotencyKey=volume-158-9f355d23-e112-45ab-8725-677c7a8f0952 orderId=5679913b-2db2-4826-9b05-b847ee15b0f9 status=RECEIVED
2026-08-11 23:30:46.945 [org.springframework.kafka.KafkaListenerEndpointContainer#0-0-C-1] INFO  com.moises.messaging.evidence - PERSISTED idempotencyKey=volume-159-144f1d1f-b6ce-48d9-8185-474d43c5f5bb orderId=e57e2c01-512f-4149-b223-52543ab3ff56 status=RECEIVED
2026-08-11 23:30:46.953 [org.springframework.kafka.KafkaListenerEndpointContainer#0-0-C-1] INFO  com.moises.messaging.evidence - PERSISTED idempotencyKey=volume-160-3cd0e757-5389-4fc2-be7d-12a082a38e7e orderId=25ba2f91-1edd-4da0-bed4-a8262dee8b4b status=RECEIVED
2026-08-11 23:30:46.962 [org.springframework.kafka.KafkaListenerEndpointContainer#0-0-C-1] INFO  com.moises.messaging.evidence - PERSISTED idempotencyKey=volume-161-8770f6ac-c7fb-4c46-8f74-6fff494a416f orderId=f62d05c7-14fb-41b0-98d0-dccadfd2b4f0 status=RECEIVED
2026-08-11 23:30:46.970 [org.springframework.kafka.KafkaListenerEndpointContainer#0-0-C-1] INFO  com.moises.messaging.evidence - PERSISTED idempotencyKey=volume-162-256ac99c-7687-40e2-ab2c-e4d066439b30 orderId=4abf3caa-ac15-4f8d-add9-72f57309e6c1 status=RECEIVED
2026-08-11 23:30:46.979 [org.springframework.kafka.KafkaListenerEndpointContainer#0-0-C-1] INFO  com.moises.messaging.evidence - PERSISTED idempotencyKey=volume-163-a72d42bb-02be-4197-af9c-1207bf3b6074 orderId=bf2b0196-cfb6-462c-9166-c5f35a779ac7 status=RECEIVED
2026-08-11 23:30:46.988 [org.springframework.kafka.KafkaListenerEndpointContainer#0-0-C-1] INFO  com.moises.messaging.evidence - PERSISTED idempotencyKey=volume-164-c72f5df8-8691-4773-b86d-abe45030b04d orderId=0d8e9fa7-134a-4dd2-83f9-f56e52a89841 status=RECEIVED
2026-08-11 23:30:46.998 [org.springframework.kafka.KafkaListenerEndpointContainer#0-0-C-1] INFO  com.moises.messaging.evidence - PERSISTED idempotencyKey=volume-165-9ed947dd-627f-4625-a40d-72ce3a4a4bf0 orderId=f9ab99e2-0f3d-4639-82ce-309fefa4bf01 status=RECEIVED
2026-08-11 23:30:47.008 [org.springframework.kafka.KafkaListenerEndpointContainer#0-0-C-1] INFO  com.moises.messaging.evidence - PERSISTED idempotencyKey=volume-166-a1aa665b-639f-4db4-ab6a-756dcacc5d00 orderId=843f5342-4571-494e-ab6c-34d0cad5552e status=RECEIVED
2026-08-11 23:30:47.023 [org.springframework.kafka.KafkaListenerEndpointContainer#0-0-C-1] INFO  com.moises.messaging.evidence - PERSISTED idempotencyKey=volume-167-9f63a626-2621-4ac9-bfa4-8d201143e2e2 orderId=ed073f5f-db52-434d-8faa-683cb9673127 status=RECEIVED
2026-08-11 23:30:47.034 [org.springframework.kafka.KafkaListenerEndpointContainer#0-0-C-1] INFO  com.moises.messaging.evidence - PERSISTED idempotencyKey=volume-168-63e5ff21-6e61-4075-b5e0-7fee1b98d598 orderId=e6d5d30d-ddde-4af3-acb6-c062d7f02c59 status=RECEIVED
2026-08-11 23:30:47.045 [org.springframework.kafka.KafkaListenerEndpointContainer#0-0-C-1] INFO  com.moises.messaging.evidence - PERSISTED idempotencyKey=volume-169-269531eb-b841-48ff-ad4e-de37a4379ad3 orderId=a073b751-a06e-4522-9eec-8d2da0b97f16 status=RECEIVED
2026-08-11 23:30:47.055 [org.springframework.kafka.KafkaListenerEndpointContainer#0-0-C-1] INFO  com.moises.messaging.evidence - PERSISTED idempotencyKey=volume-170-79b8b04d-fdad-4902-8371-758ecca42381 orderId=764d97e3-e0e6-4c68-a77a-93141e13fbb3 status=RECEIVED
2026-08-11 23:30:47.068 [org.springframework.kafka.KafkaListenerEndpointContainer#0-0-C-1] INFO  com.moises.messaging.evidence - PERSISTED idempotencyKey=volume-171-70275bc0-b5b5-4d20-9888-c6f918a7d8fd orderId=faeeee15-ccdc-4d27-9117-a20a1baf50fc status=RECEIVED
2026-08-11 23:30:47.077 [org.springframework.kafka.KafkaListenerEndpointContainer#0-0-C-1] INFO  com.moises.messaging.evidence - PERSISTED idempotencyKey=volume-172-d53d40f6-d1b8-41d2-bb85-b37b42345ffb orderId=b568270e-4b9a-40bc-916a-8d25895aab32 status=RECEIVED
2026-08-11 23:30:47.086 [org.springframework.kafka.KafkaListenerEndpointContainer#0-0-C-1] INFO  com.moises.messaging.evidence - PERSISTED idempotencyKey=volume-173-f44ad512-37fe-4961-a36a-45b79410a333 orderId=7b228cba-01c2-4d97-9ba9-7228ff30665b status=RECEIVED
2026-08-11 23:30:47.092 [org.springframework.kafka.KafkaListenerEndpointContainer#0-0-C-1] INFO  com.moises.messaging.evidence - PERSISTED idempotencyKey=volume-174-6aba82bb-9616-4706-8b29-a30cc2805c71 orderId=38596d7d-af25-4a0e-a174-314d5c1b3838 status=RECEIVED
2026-08-11 23:30:47.100 [org.springframework.kafka.KafkaListenerEndpointContainer#0-0-C-1] INFO  com.moises.messaging.evidence - PERSISTED idempotencyKey=volume-175-6497807e-06b5-4aca-8313-c4551beea61e orderId=fdde8f6a-32a6-4bd1-ab58-947034f13502 status=RECEIVED
2026-08-11 23:30:47.108 [org.springframework.kafka.KafkaListenerEndpointContainer#0-0-C-1] INFO  com.moises.messaging.evidence - PERSISTED idempotencyKey=volume-176-37f2625b-8ec3-47fa-8a79-ccc2b13effca orderId=0caa765f-192e-466c-abae-b504a00eb5eb status=RECEIVED
2026-08-11 23:30:47.116 [org.springframework.kafka.KafkaListenerEndpointContainer#0-0-C-1] INFO  com.moises.messaging.evidence - PERSISTED idempotencyKey=volume-177-d5904ff4-eabf-4cc3-af29-a3d4db4f6da4 orderId=57e6c229-5dbb-4365-b9e6-ceee49c81d17 status=RECEIVED
2026-08-11 23:30:47.124 [org.springframework.kafka.KafkaListenerEndpointContainer#0-0-C-1] INFO  com.moises.messaging.evidence - PERSISTED idempotencyKey=volume-178-825c7b6e-35ee-4015-9e8b-993981e71638 orderId=690720b4-0ce6-4f48-8952-6957c70f53eb status=RECEIVED
2026-08-11 23:30:47.133 [org.springframework.kafka.KafkaListenerEndpointContainer#0-0-C-1] INFO  com.moises.messaging.evidence - PERSISTED idempotencyKey=volume-179-cc778160-dda5-468a-90f3-dec7fb7b7a88 orderId=3e510a8e-61d0-4968-98f3-6ee92e6ef76b status=RECEIVED
2026-08-11 23:30:47.141 [org.springframework.kafka.KafkaListenerEndpointContainer#0-0-C-1] INFO  com.moises.messaging.evidence - PERSISTED idempotencyKey=volume-180-56ba3264-9396-4919-a54e-dae154c3c273 orderId=e9b73971-339f-4a19-82c8-53482eac4321 status=RECEIVED
2026-08-11 23:30:47.150 [org.springframework.kafka.KafkaListenerEndpointContainer#0-0-C-1] INFO  com.moises.messaging.evidence - PERSISTED idempotencyKey=volume-181-d63aa970-a6e8-4d43-9af4-66f8b3d78e28 orderId=95848ed0-277e-4c05-8fd6-ea5ca726bc48 status=RECEIVED
2026-08-11 23:30:47.158 [org.springframework.kafka.KafkaListenerEndpointContainer#0-0-C-1] INFO  com.moises.messaging.evidence - PERSISTED idempotencyKey=volume-182-da1343d1-defd-4a78-b116-0cf6950dd5f7 orderId=a95fa876-4be5-4eba-9fdc-796c30141d2a status=RECEIVED
2026-08-11 23:30:47.166 [org.springframework.kafka.KafkaListenerEndpointContainer#0-0-C-1] INFO  com.moises.messaging.evidence - PERSISTED idempotencyKey=volume-183-d95aa611-0b9b-4ab9-b744-6c2f6fd2d3bd orderId=4d0c0330-56cc-4aa2-bbac-1470e8dad064 status=RECEIVED
2026-08-11 23:30:47.172 [org.springframework.kafka.KafkaListenerEndpointContainer#0-0-C-1] INFO  com.moises.messaging.evidence - PERSISTED idempotencyKey=volume-184-36dea24d-4623-4fe1-b7d1-1bfa3be0389d orderId=5a0bd083-685b-43c0-bb89-7b2d21f55f72 status=RECEIVED
2026-08-11 23:30:47.179 [org.springframework.kafka.KafkaListenerEndpointContainer#0-0-C-1] INFO  com.moises.messaging.evidence - PERSISTED idempotencyKey=volume-185-77ab6d9f-ab74-4737-a7dc-b8e4824b39d1 orderId=b404c6bd-f236-4688-a954-0d4720d907ad status=RECEIVED
2026-08-11 23:30:47.184 [org.springframework.kafka.KafkaListenerEndpointContainer#0-0-C-1] INFO  com.moises.messaging.evidence - PERSISTED idempotencyKey=volume-186-c26643ed-b4b3-41f2-a7ae-f3ae7758cb8c orderId=1d312af3-bb33-428e-8d61-fe0b37c8f77b status=RECEIVED
2026-08-11 23:30:47.191 [org.springframework.kafka.KafkaListenerEndpointContainer#0-0-C-1] INFO  com.moises.messaging.evidence - PERSISTED idempotencyKey=volume-187-10fa50de-3a2d-4b6d-89e6-8035edb89d15 orderId=d0407f20-ad7e-4054-b8f7-6689a837985d status=RECEIVED
2026-08-11 23:30:47.197 [org.springframework.kafka.KafkaListenerEndpointContainer#0-0-C-1] INFO  com.moises.messaging.evidence - PERSISTED idempotencyKey=volume-188-d9b552f5-94be-4d64-b382-8f55ae3a7af4 orderId=00698811-9482-4e03-8338-8c600c1c7f38 status=RECEIVED
2026-08-11 23:30:47.203 [org.springframework.kafka.KafkaListenerEndpointContainer#0-0-C-1] INFO  com.moises.messaging.evidence - PERSISTED idempotencyKey=volume-189-1627813f-7ba1-426f-973f-74510b7dffd6 orderId=fda10c6a-6b20-4244-a446-6ff604912cf8 status=RECEIVED
2026-08-11 23:30:47.211 [org.springframework.kafka.KafkaListenerEndpointContainer#0-0-C-1] INFO  com.moises.messaging.evidence - PERSISTED idempotencyKey=volume-190-ea6a16f5-a9b1-4a8c-9256-dcd5a6fdf733 orderId=d43992dc-a067-4cf4-bbdb-5c1ede696c86 status=RECEIVED
2026-08-11 23:30:47.220 [org.springframework.kafka.KafkaListenerEndpointContainer#0-0-C-1] INFO  com.moises.messaging.evidence - PERSISTED idempotencyKey=volume-191-a1f21e63-ae79-43a1-831b-7732a84e0936 orderId=475e52c9-8d52-467c-aa07-21f5be3dd5b8 status=RECEIVED
2026-08-11 23:30:47.228 [org.springframework.kafka.KafkaListenerEndpointContainer#0-0-C-1] INFO  com.moises.messaging.evidence - PERSISTED idempotencyKey=volume-192-0b743606-73b1-4c8d-8c2f-beee076a8a2d orderId=5461c755-e911-44ff-8eb5-c186aec1214e status=RECEIVED
2026-08-11 23:30:47.237 [org.springframework.kafka.KafkaListenerEndpointContainer#0-0-C-1] INFO  com.moises.messaging.evidence - PERSISTED idempotencyKey=volume-193-980d0948-1830-49ac-a036-1c68f8d02333 orderId=05cdf7ed-f86f-4c72-ad7f-713cd7dd61e4 status=RECEIVED
2026-08-11 23:30:47.244 [org.springframework.kafka.KafkaListenerEndpointContainer#0-0-C-1] INFO  com.moises.messaging.evidence - PERSISTED idempotencyKey=volume-194-eca4dc45-6f61-45d6-9afc-ee0b6b7dea23 orderId=4b6972c3-bae2-41c7-b9bb-6e21ee51c427 status=RECEIVED
2026-08-11 23:30:47.256 [org.springframework.kafka.KafkaListenerEndpointContainer#0-0-C-1] INFO  com.moises.messaging.evidence - PERSISTED idempotencyKey=volume-195-645a0e90-ca86-4d4a-bb17-844bbda1f333 orderId=4d6b51b7-ca71-4107-b516-b90b7c3fa93b status=RECEIVED
2026-08-11 23:30:47.267 [org.springframework.kafka.KafkaListenerEndpointContainer#0-0-C-1] INFO  com.moises.messaging.evidence - PERSISTED idempotencyKey=volume-196-a5311874-1719-4641-a771-56ef870dcc8d orderId=06b97d72-95e3-43b1-bda9-b022e3639c44 status=RECEIVED
2026-08-11 23:30:47.275 [org.springframework.kafka.KafkaListenerEndpointContainer#0-0-C-1] INFO  com.moises.messaging.evidence - PERSISTED idempotencyKey=volume-197-edb32e79-5815-4003-b1a4-ef7bf9ec2ee2 orderId=c41ba3c4-e1f5-4dd2-ac0a-abf5033dee3e status=RECEIVED
2026-08-11 23:30:47.283 [org.springframework.kafka.KafkaListenerEndpointContainer#0-0-C-1] INFO  com.moises.messaging.evidence - PERSISTED idempotencyKey=volume-198-9b32026f-538b-429b-94af-98de6c389b94 orderId=268ba048-9977-4cf4-9951-8f7809fb9161 status=RECEIVED
2026-08-11 23:30:47.290 [org.springframework.kafka.KafkaListenerEndpointContainer#0-0-C-1] INFO  com.moises.messaging.evidence - PERSISTED idempotencyKey=volume-199-eb314aa8-8176-4eed-a2d1-aacf2bb9fc05 orderId=1b889cdf-c0c1-4dfb-be1d-fd7f1b4148aa status=RECEIVED
